ticker,day,open,high,low,close,volume,total_volume
AAPL,2026-09-21,335.28,339.64,333.05,338.98,34999230.0,24890743.0
AAPL,2026-09-22,340.135,345.34,338.75,339.75,40711787.0,29766877.0
ABNB,2026-09-21,166.56,167.97,164.7001,166.84,3301799.0,2176873.0
ABNB,2026-09-22,169.08,169.6,160.7,161.81,4961799.0,3682219.0
AFRM,2026-09-21,72.4,73.16,70.04,71.05,4017545.0,3626292.0
AFRM,2026-09-22,73.275,73.37,70.75,71.77,5036847.0,4416842.0
AI,2026-09-21,10.68,10.97,10.49,10.84,4236940.0,3748369.0
AI,2026-09-22,11.04,11.12,10.75,10.85,4032639.0,2873326.0
AMD,2026-09-21,583.88,616.69,582.27,615.52,44494273.0,40092512.0
AMD,2026-09-22,606.565,624.52,606.3125,623.77,28282820.0,24049613.0
AMZN,2026-09-21,256.4,259.49,253.6,258.45,42979408.0,31839721.0
AMZN,2026-09-22,255.11,259.0,253.78,254.98,41982570.0,32752919.0
APP,2026-09-21,309.69,336.94,306.8,330.17,5999098.0,5105151.0
APP,2026-09-22,333.0,333.605,323.68,328.73,3431728.0,2648127.0
BAC,2026-09-21,58.05,58.28,57.465,57.96,33228142.0,22671506.0
BAC,2026-09-22,58.1,58.115,56.065,56.2,45137810.0,31582267.0
CHGG,2026-09-21,0.72,0.7244,0.6969,0.72,597120.0,546727.0
CHGG,2026-09-22,0.721,0.75,0.7131,0.7488,493014.0,440185.0
CHWY,2026-09-21,20.92,21.1795,20.5,20.51,7025971.0,4924654.0
CHWY,2026-09-22,20.9,20.94,19.62,19.66,11497922.0,10123397.0
CIFR,2026-09-21,18.665,19.25,18.2901,18.9,42333465.0,40217062.0
CIFR,2026-09-22,18.51,19.745,18.38,19.09,28768824.0,26323688.0
CLSK,2026-09-21,15.115,15.18,14.68,14.76,23239356.0,22270098.0
CLSK,2026-09-22,14.5,15.265,14.36,15.14,16801961.0,16061908.0
COIN,2026-09-21,205.19,208.33,200.65,201.05,14506900.0,12997614.0
COIN,2026-09-22,199.395,203.0,197.2,201.07,7305841.0,6494357.0
COUR,2026-09-21,5.04,5.19,4.98,5.16,6536589.0,5338814.0
COUR,2026-09-22,5.24,5.3,5.11,5.14,7602263.0,6005881.0
CRWD,2026-09-21,231.62,250.31,230.85,249.35,13372719.0,10446590.0
CRWD,2026-09-22,248.21,250.7999,244.7,250.06,8927697.0,7597655.0
CVX,2026-09-21,207.89,209.0,203.5,203.67,8469735.0,6600275.0
CVX,2026-09-22,201.87,204.44,200.78,202.41,9348372.0,6556216.0
DASH,2026-09-21,193.85,194.95,188.71,193.83,5061174.0,3643939.0
DASH,2026-09-22,198.045,200.585,191.98,192.21,5221975.0,4255081.0
DDOG,2026-09-21,229.73,245.31,226.8325,245.05,2928023.0,2268430.0
DDOG,2026-09-22,245.67,249.91,244.13,247.475,2834595.0,2224895.0
DIA,2026-09-21,520.03,520.52,516.76,519.78,3087943.0,2814168.0
DIA,2026-09-22,522.475,522.55,516.51,518.0,3377556.0,3185010.0
DKNG,2026-09-21,21.75,22.285,21.57,21.97,14481343.0,11856983.0
DKNG,2026-09-22,22.27,23.42,21.73,21.8,22965615.0,21219243.0
DOCU,2026-09-21,69.17,69.87,67.965,68.57,3279740.0,2363110.0
DOCU,2026-09-22,69.66,69.93,65.57,66.76,5179675.0,3769908.0
DUOL,2026-09-21,142.0,151.4,141.8716,149.42,1245719.0,1004550.0
DUOL,2026-09-22,152.02,152.68,144.8005,147.71,802729.0,604049.0
ETSY,2026-09-21,73.55,73.66,71.67,73.48,2968278.0,2389915.0
ETSY,2026-09-22,75.98,75.98,72.57,75.14,4230319.0,3571354.0
EXPE,2026-09-21,279.29,283.65,278.43,281.02,1705270.0,1106497.0
EXPE,2026-09-22,285.25,287.12,263.18,280.7,6271127.0,5522280.0
FCEL,2026-09-21,18.33,18.4699,17.63,17.96,4810534.0,4345351.0
FCEL,2026-09-22,17.64,18.8699,17.17,17.86,6244559.0,5215566.0
GLD,2026-09-21,400.165,400.24,396.34,398.38,6410963.0,6010214.0
GLD,2026-09-22,397.07,400.78,395.58,400.07,6519915.0,5910951.0
GOOGL,2026-09-21,350.64,357.61,349.1,354.97,30455385.0,21845722.0
GOOGL,2026-09-22,357.65,364.17,350.22,351.16,29788598.0,24734441.0
HOOD,2026-09-21,125.045,126.41,121.505,123.3,28301533.0,25326755.0
HOOD,2026-09-22,123.0,126.16,122.46,124.25,16047620.0,14530415.0
HUBS,2026-09-21,219.01,221.06,212.415,213.86,1551571.0,1179206.0
HUBS,2026-09-22,221.01,228.9999,210.41,217.88,2047646.0,1730465.0
HUT,2026-09-21,104.62,107.84,100.26,103.42,5715790.0,5231012.0
HUT,2026-09-22,102.0,110.69,101.9,106.61,5382636.0,4055010.0
IWM,2026-09-21,286.27,286.45,284.9,285.58,18968203.0,16463379.0
IWM,2026-09-22,287.68,288.94,286.05,287.21,25684273.0,23501229.0
JNJ,2026-09-21,271.74,273.73,268.5,269.47,4487725.0,2765147.0
JNJ,2026-09-22,267.51,270.1,265.04,269.19,5682567.0,3823839.0
JPM,2026-09-21,353.67,354.5,350.08,352.04,6414674.0,4431232.0
JPM,2026-09-22,352.0,352.1025,337.3,340.0,11485584.0,8874961.0
LCID,2026-09-21,4.16,4.33,4.06,4.3,11096124.0,10337274.0
LCID,2026-09-22,4.37,4.39,4.16,4.32,8957479.0,8182770.0
LMND,2026-09-21,48.26,48.405,47.0,47.86,1182895.0,1006620.0
LMND,2026-09-22,48.93,49.0,46.31,47.69,1547347.0,1415986.0
LYFT,2026-09-21,15.2,15.42,15.07,15.27,7734944.0,5662789.0
LYFT,2026-09-22,15.56,15.5999,14.84,14.9,10235158.0,8995009.0
MARA,2026-09-21,13.94,13.98,13.16,13.28,52028228.0,49325699.0
MARA,2026-09-22,13.13,13.97,12.97,13.63,43625230.0,41209318.0
META,2026-09-21,680.295,753.0,679.6,741.245,48720458.0,44474756.0
META,2026-09-22,731.4,757.27,730.0,736.595,28122127.0,26193617.0
MSFT,2026-09-21,494.945,501.87,491.33,501.61,27959945.0,17204681.0
MSFT,2026-09-22,507.32,508.5,493.65,498.0,21652839.0,15961395.0
NET,2026-09-21,327.0,352.45,321.85,351.67,3892120.0,3473595.0
NET,2026-09-22,352.46,357.1,345.3005,353.0,3317138.0,2968468.0
NIO,2026-09-21,3.64,3.68,3.605,3.67,23335735.0,21680854.0
NIO,2026-09-22,3.685,3.785,3.68,3.72,39067364.0,24929519.0
NVDA,2026-09-21,222.935,228.5,221.56,227.38,109806068.0,87775258.0
NVDA,2026-09-22,226.85,229.98,226.5,228.87,95746746.0,71168747.0
OPEN,2026-09-21,2.645,2.73,2.61,2.68,29183295.0,26297596.0
OPEN,2026-09-22,2.77,2.81,2.71,2.76,29119104.0,26130553.0
PATH,2026-09-21,13.55,13.79,13.4401,13.59,46944953.0,44874253.0
PATH,2026-09-22,13.94,13.94,13.19,13.25,42782842.0,40754302.0
PENN,2026-09-21,16.41,16.59,16.035,16.13,3259293.0,2636557.0
PENN,2026-09-22,16.4,16.93,15.83,15.9,3303396.0,2942005.0
PINS,2026-09-21,18.75,19.5,18.615,19.36,11889746.0,9506603.0
PINS,2026-09-22,19.67,19.77,18.25,18.39,22423332.0,17858840.0
PLTR,2026-09-21,178.725,183.38,176.76,183.09,22006698.0,18003424.0
PLTR,2026-09-22,185.125,185.54,182.03,184.99,21991715.0,16700851.0
PLUG,2026-09-21,2.12,2.135,2.06,2.09,34064923.0,31867632.0
PLUG,2026-09-22,2.1,2.13,2.07,2.11,28872003.0,27508867.0
QQQ,2026-09-21,727.89,743.22,727.81,741.47,46730630.0,40795335.0
QQQ,2026-09-22,740.98,748.349,740.93,747.46,40128842.0,31547999.0
RBLX,2026-09-21,50.9,51.545,49.67,51.25,9538930.0,8126549.0
RBLX,2026-09-22,51.78,51.96,49.46,49.87,7851478.0,6477394.0
RIOT,2026-09-21,24.8,25.0684,23.965,24.18,21917343.0,20578925.0
RIOT,2026-09-22,23.75,25.39,23.7,24.93,19494815.0,18165570.0
RIVN,2026-09-21,15.22,15.65,15.185,15.36,19884574.0,17174749.0
RIVN,2026-09-22,15.54,15.69,15.06,15.14,20965823.0,17454062.0
ROKU,2026-09-21,154.475,155.07,153.85,154.33,1854726.0,1435146.0
ROKU,2026-09-22,155.27,155.27,153.57,154.25,1424830.0,1107507.0
ROOT,2026-09-21,50.5,50.665,48.58,49.78,278462.0,216911.0
ROOT,2026-09-22,49.86,50.28,48.135,48.55,289481.0,252969.0
S,2026-09-21,22.59,23.805,22.36,23.8,8227740.0,6991759.0
S,2026-09-22,24.17,24.17,23.42,23.85,7663594.0,6369348.0
SNAP,2026-09-21,5.54,5.87,5.53,5.7,35016051.0,31631952.0
SNAP,2026-09-22,5.78,5.84,5.6,5.62,25803780.0,22051509.0
SOFI,2026-09-21,17.46,17.52,16.83,16.97,64534915.0,60782460.0
SOFI,2026-09-22,17.925,17.96,17.005,17.16,98867051.0,94555798.0
SPY,2026-09-21,766.251,774.89,766.03,773.5,50484686.0,43270007.0
SPY,2026-09-22,774.03,775.14,772.57,773.38,34802337.0,29456025.0
TEAM,2026-09-21,194.46,198.47,193.84,195.67,3180160.0,2392955.0
TEAM,2026-09-22,200.0,200.0,185.58,188.65,2962094.0,2631161.0
TLT,2026-09-21,81.715,81.82,81.54,81.8,26981666.0,23662811.0
TLT,2026-09-22,81.89,81.935,81.54,81.75,22769331.0,19751470.0
TSLA,2026-09-21,371.635,378.36,371.07,375.3,36599610.0,32865889.0
TSLA,2026-09-22,379.069,380.42,372.88,378.9,28229909.0,25661477.0
TWLO,2026-09-21,247.12,266.48,244.14,266.06,3022852.0,2524786.0
TWLO,2026-09-22,271.6,286.12,270.0,284.53,4133946.0,3803035.0
UNH,2026-09-21,377.87,378.95,373.82,377.56,5712252.0,3001132.0
UNH,2026-09-22,381.39,381.39,372.41,372.95,4501107.0,3016832.0
UPST,2026-09-21,25.53,25.93,25.28,25.58,4657481.0,4037705.0
UPST,2026-09-22,26.5,26.61,25.52,25.97,4048576.0,3506916.0
W,2026-09-21,106.14,106.7299,104.5,104.95,1842891.0,1503258.0
W,2026-09-22,107.79,108.68,105.53,107.35,1785793.0,1529591.0
WULF,2026-09-21,17.41,17.72,16.97,17.45,24853815.0,23303668.0
WULF,2026-09-22,17.31,17.93,17.21,17.33,22720218.0,19980733.0
XOM,2026-09-21,160.96,161.9499,157.94,158.3,15752489.0,10962063.0
XOM,2026-09-22,157.53,159.97,155.85,158.71,14191173.0,10934700.0
XPEV,2026-09-21,10.4,10.48,10.275,10.47,9123963.0,7684638.0
XPEV,2026-09-22,10.55,10.6299,10.39,10.48,6494145.0,6052731.0
Z,2026-09-21,30.0,30.85,29.83,30.65,3245540.0,2776308.0
Z,2026-09-22,31.47,31.59,30.1,30.95,3654790.0,3370213.0
ZS,2026-09-21,196.98,207.75,194.24,207.13,2543906.0,2211804.0
ZS,2026-09-22,210.01,210.73,202.55,210.18,2904847.0,2281255.0
