ticker,when,kind,title
ABNB,2025-05-01T21:00:00+00:00,earnings,ABNB earnings 2025-05-01
ABNB,2025-08-06T21:00:00+00:00,earnings,ABNB earnings 2025-08-06
ABNB,2025-11-06T21:00:00+00:00,earnings,ABNB earnings 2025-11-06
ABNB,2026-02-12T21:00:00+00:00,earnings,ABNB earnings 2026-02-12
ABNB,2026-05-07T21:00:00+00:00,earnings,ABNB earnings 2026-05-07
AI,2025-05-28T21:00:00+00:00,earnings,AI earnings 2025-05-28
AI,2025-09-03T21:00:00+00:00,earnings,AI earnings 2025-09-03
AI,2025-12-03T21:00:00+00:00,earnings,AI earnings 2025-12-03
AI,2026-02-25T21:00:00+00:00,earnings,AI earnings 2026-02-25
AMD,2025-05-06T21:00:00+00:00,earnings,AMD earnings 2025-05-06
AMD,2025-08-05T21:00:00+00:00,earnings,AMD earnings 2025-08-05
AMD,2025-11-04T21:00:00+00:00,earnings,AMD earnings 2025-11-04
AMD,2026-02-03T21:00:00+00:00,earnings,AMD earnings 2026-02-03
AMD,2026-05-05T21:00:00+00:00,earnings,AMD earnings 2026-05-05
BAC,2025-04-15T21:00:00+00:00,earnings,BAC earnings 2025-04-15
BAC,2025-07-16T21:00:00+00:00,earnings,BAC earnings 2025-07-16
BAC,2025-10-15T21:00:00+00:00,earnings,BAC earnings 2025-10-15
BAC,2026-01-14T21:00:00+00:00,earnings,BAC earnings 2026-01-14
BAC,2026-04-15T21:00:00+00:00,earnings,BAC earnings 2026-04-15
COIN,2025-05-08T21:00:00+00:00,earnings,COIN earnings 2025-05-08
COIN,2025-07-31T21:00:00+00:00,earnings,COIN earnings 2025-07-31
COIN,2025-10-30T21:00:00+00:00,earnings,COIN earnings 2025-10-30
COIN,2026-02-12T21:00:00+00:00,earnings,COIN earnings 2026-02-12
COIN,2026-05-07T21:00:00+00:00,earnings,COIN earnings 2026-05-07
CRWD,2025-06-03T21:00:00+00:00,earnings,CRWD earnings 2025-06-03
CRWD,2025-08-27T21:00:00+00:00,earnings,CRWD earnings 2025-08-27
CRWD,2025-12-02T21:00:00+00:00,earnings,CRWD earnings 2025-12-02
CRWD,2026-03-03T21:00:00+00:00,earnings,CRWD earnings 2026-03-03
DKNG,2025-05-08T21:00:00+00:00,earnings,DKNG earnings 2025-05-08
DKNG,2025-08-06T21:00:00+00:00,earnings,DKNG earnings 2025-08-06
DKNG,2025-11-06T21:00:00+00:00,earnings,DKNG earnings 2025-11-06
DKNG,2026-02-12T21:00:00+00:00,earnings,DKNG earnings 2026-02-12
DKNG,2026-05-06T21:00:00+00:00,earnings,DKNG earnings 2026-05-06
GOOGL,2025-04-24T21:00:00+00:00,earnings,GOOGL earnings 2025-04-24
GOOGL,2025-07-23T21:00:00+00:00,earnings,GOOGL earnings 2025-07-23
GOOGL,2025-10-29T21:00:00+00:00,earnings,GOOGL earnings 2025-10-29
GOOGL,2026-02-04T21:00:00+00:00,earnings,GOOGL earnings 2026-02-04
GOOGL,2026-04-29T21:00:00+00:00,earnings,GOOGL earnings 2026-04-29
HOOD,2025-04-30T21:00:00+00:00,earnings,HOOD earnings 2025-04-30
HOOD,2025-07-30T21:00:00+00:00,earnings,HOOD earnings 2025-07-30
HOOD,2025-11-05T21:00:00+00:00,earnings,HOOD earnings 2025-11-05
HOOD,2026-02-10T21:00:00+00:00,earnings,HOOD earnings 2026-02-10
HOOD,2026-04-28T21:00:00+00:00,earnings,HOOD earnings 2026-04-28
JNJ,2025-04-15T21:00:00+00:00,earnings,JNJ earnings 2025-04-15
JNJ,2025-07-16T21:00:00+00:00,earnings,JNJ earnings 2025-07-16
JNJ,2025-10-14T21:00:00+00:00,earnings,JNJ earnings 2025-10-14
JNJ,2026-01-21T21:00:00+00:00,earnings,JNJ earnings 2026-01-21
JNJ,2026-04-14T21:00:00+00:00,earnings,JNJ earnings 2026-04-14
JPM,2025-04-11T21:00:00+00:00,earnings,JPM earnings 2025-04-11
JPM,2025-07-15T21:00:00+00:00,earnings,JPM earnings 2025-07-15
JPM,2025-10-14T21:00:00+00:00,earnings,JPM earnings 2025-10-14
JPM,2026-01-13T21:00:00+00:00,earnings,JPM earnings 2026-01-13
JPM,2026-04-14T21:00:00+00:00,earnings,JPM earnings 2026-04-14
LCID,2025-05-06T21:00:00+00:00,earnings,LCID earnings 2025-05-06
LCID,2025-08-05T21:00:00+00:00,earnings,LCID earnings 2025-08-05
LCID,2025-11-05T21:00:00+00:00,earnings,LCID earnings 2025-11-05
LCID,2026-02-24T21:00:00+00:00,earnings,LCID earnings 2026-02-24
LCID,2026-05-05T21:00:00+00:00,earnings,LCID earnings 2026-05-05
MARA,2025-05-08T21:00:00+00:00,earnings,MARA earnings 2025-05-08
MARA,2025-07-29T21:00:00+00:00,earnings,MARA earnings 2025-07-29
MARA,2025-11-04T21:00:00+00:00,earnings,MARA earnings 2025-11-04
MARA,2026-02-26T21:00:00+00:00,earnings,MARA earnings 2026-02-26
MARA,2026-05-11T21:00:00+00:00,earnings,MARA earnings 2026-05-11
META,2025-04-30T21:00:00+00:00,earnings,META earnings 2025-04-30
META,2025-07-30T21:00:00+00:00,earnings,META earnings 2025-07-30
META,2025-10-29T21:00:00+00:00,earnings,META earnings 2025-10-29
META,2026-01-28T21:00:00+00:00,earnings,META earnings 2026-01-28
META,2026-04-29T21:00:00+00:00,earnings,META earnings 2026-04-29
PLTR,2025-05-05T21:00:00+00:00,earnings,PLTR earnings 2025-05-05
PLTR,2025-08-04T21:00:00+00:00,earnings,PLTR earnings 2025-08-04
PLTR,2025-11-03T21:00:00+00:00,earnings,PLTR earnings 2025-11-03
PLTR,2026-02-02T21:00:00+00:00,earnings,PLTR earnings 2026-02-02
PLTR,2026-05-04T21:00:00+00:00,earnings,PLTR earnings 2026-05-04
PLUG,2025-05-12T21:00:00+00:00,earnings,PLUG earnings 2025-05-12
PLUG,2025-08-11T21:00:00+00:00,earnings,PLUG earnings 2025-08-11
PLUG,2025-11-10T21:00:00+00:00,earnings,PLUG earnings 2025-11-10
PLUG,2026-03-02T21:00:00+00:00,earnings,PLUG earnings 2026-03-02
PLUG,2026-05-11T21:00:00+00:00,earnings,PLUG earnings 2026-05-11
RBLX,2025-05-01T21:00:00+00:00,earnings,RBLX earnings 2025-05-01
RBLX,2025-07-31T21:00:00+00:00,earnings,RBLX earnings 2025-07-31
RBLX,2025-10-30T21:00:00+00:00,earnings,RBLX earnings 2025-10-30
RBLX,2026-02-05T21:00:00+00:00,earnings,RBLX earnings 2026-02-05
RBLX,2026-04-30T21:00:00+00:00,earnings,RBLX earnings 2026-04-30
RIOT,2025-05-01T21:00:00+00:00,earnings,RIOT earnings 2025-05-01
RIOT,2025-07-31T21:00:00+00:00,earnings,RIOT earnings 2025-07-31
RIOT,2025-10-30T21:00:00+00:00,earnings,RIOT earnings 2025-10-30
RIOT,2026-03-02T21:00:00+00:00,earnings,RIOT earnings 2026-03-02
RIOT,2026-04-30T21:00:00+00:00,earnings,RIOT earnings 2026-04-30
RIVN,2025-05-06T21:00:00+00:00,earnings,RIVN earnings 2025-05-06
RIVN,2025-08-05T21:00:00+00:00,earnings,RIVN earnings 2025-08-05
RIVN,2025-11-04T21:00:00+00:00,earnings,RIVN earnings 2025-11-04
RIVN,2026-02-12T21:00:00+00:00,earnings,RIVN earnings 2026-02-12
RIVN,2026-04-30T21:00:00+00:00,earnings,RIVN earnings 2026-04-30
SNAP,2025-04-29T21:00:00+00:00,earnings,SNAP earnings 2025-04-29
SNAP,2025-08-05T21:00:00+00:00,earnings,SNAP earnings 2025-08-05
SNAP,2025-11-05T21:00:00+00:00,earnings,SNAP earnings 2025-11-05
SNAP,2026-02-04T21:00:00+00:00,earnings,SNAP earnings 2026-02-04
SNAP,2026-05-06T21:00:00+00:00,earnings,SNAP earnings 2026-05-06
SOFI,2025-04-29T21:00:00+00:00,earnings,SOFI earnings 2025-04-29
SOFI,2025-07-29T21:00:00+00:00,earnings,SOFI earnings 2025-07-29
SOFI,2025-10-28T21:00:00+00:00,earnings,SOFI earnings 2025-10-28
SOFI,2026-01-30T21:00:00+00:00,earnings,SOFI earnings 2026-01-30
SOFI,2026-04-27T21:00:00+00:00,earnings,SOFI earnings 2026-04-27
TSLA,2025-04-22T21:00:00+00:00,earnings,TSLA earnings 2025-04-22
TSLA,2025-07-23T21:00:00+00:00,earnings,TSLA earnings 2025-07-23
TSLA,2025-10-22T21:00:00+00:00,earnings,TSLA earnings 2025-10-22
TSLA,2026-01-28T21:00:00+00:00,earnings,TSLA earnings 2026-01-28
TSLA,2026-04-22T21:00:00+00:00,earnings,TSLA earnings 2026-04-22
UNH,2025-04-17T21:00:00+00:00,earnings,UNH earnings 2025-04-17
UNH,2025-07-29T21:00:00+00:00,earnings,UNH earnings 2025-07-29
UNH,2025-10-28T21:00:00+00:00,earnings,UNH earnings 2025-10-28
UNH,2026-01-27T21:00:00+00:00,earnings,UNH earnings 2026-01-27
UNH,2026-04-21T21:00:00+00:00,earnings,UNH earnings 2026-04-21
XOM,2025-05-02T21:00:00+00:00,earnings,XOM earnings 2025-05-02
XOM,2025-08-01T21:00:00+00:00,earnings,XOM earnings 2025-08-01
XOM,2025-10-31T21:00:00+00:00,earnings,XOM earnings 2025-10-31
XOM,2026-01-30T21:00:00+00:00,earnings,XOM earnings 2026-01-30
XOM,2026-05-01T21:00:00+00:00,earnings,XOM earnings 2026-05-01
