AAPL,2025-09-16,238.15
AAPL,2025-09-17,238.99
AAPL,2025-09-18,237.88
AAPL,2025-09-19,245.5
AAPL,2025-09-22,256.08
AAPL,2025-09-23,254.43
AAPL,2025-09-24,252.31
AAPL,2025-09-25,256.87
AAPL,2025-09-26,255.46
AAPL,2025-09-29,254.43
AAPL,2025-09-30,254.63
AAPL,2025-10-01,255.45
AAPL,2025-10-02,257.13
AAPL,2025-10-03,258.02
AAPL,2025-10-06,256.69
AAPL,2025-10-07,256.48
AAPL,2025-10-08,258.06
AAPL,2025-10-09,254.04
AAPL,2025-10-10,245.27
AAPL,2025-10-13,247.66
AAPL,2025-10-14,247.77
AAPL,2025-10-15,249.34
AAPL,2025-10-16,247.45
AAPL,2025-10-17,252.29
AAPL,2025-10-20,262.24
AAPL,2025-10-21,262.77
AAPL,2025-10-22,258.45
AAPL,2025-10-23,259.58
AAPL,2025-10-24,262.82
AAPL,2025-10-27,268.81
AAPL,2025-10-28,269
AAPL,2025-10-29,269.7
AAPL,2025-10-30,271.4
AAPL,2025-10-31,270.37
AAPL,2025-11-03,269.05
AAPL,2025-11-04,270.04
AAPL,2025-11-05,270.14
AAPL,2025-11-06,269.77
AAPL,2025-11-07,268.47
AAPL,2025-11-10,269.43
AAPL,2025-11-11,275.25
AAPL,2025-11-12,273.47
AAPL,2025-11-13,272.95
AAPL,2025-11-14,272.41
AAPL,2025-11-17,267.46
AAPL,2025-11-18,267.44
AAPL,2025-11-19,268.56
AAPL,2025-11-20,266.25
AAPL,2025-11-21,271.49
AAPL,2025-11-24,275.92
AAPL,2025-11-25,276.97
AAPL,2025-11-26,277.55
AAPL,2025-11-28,278.85
AAPL,2025-12-01,283.1
AAPL,2025-12-02,286.19
AAPL,2025-12-03,284.15
AAPL,2025-12-04,280.7
AAPL,2025-12-05,278.78
AAPL,2025-12-08,277.89
AAPL,2025-12-09,277.18
AAPL,2025-12-10,278.78
AAPL,2025-12-11,278.03
AAPL,2025-12-12,278.28
AAPL,2025-12-15,274.11
AAPL,2025-12-16,274.61
AAPL,2025-12-17,271.84
AAPL,2025-12-18,272.19
AAPL,2025-12-19,273.67
AAPL,2025-12-22,270.97
AAPL,2025-12-23,272.36
AAPL,2025-12-24,273.81
AAPL,2025-12-26,273.4
AAPL,2025-12-29,273.76
AAPL,2025-12-30,273.08
AAPL,2025-12-31,271.86
AAPL,2026-01-02,271.01
AAPL,2026-01-05,267.26
AAPL,2026-01-06,262.36
AAPL,2026-01-07,260.33
AAPL,2026-01-08,259.04
AAPL,2026-01-09,259.37
AAPL,2026-01-12,260.25
AAPL,2026-01-13,261.05
AAPL,2026-01-14,259.96
AAPL,2026-01-15,258.21
AAPL,2026-01-16,255.53
AAPL,2026-01-20,246.7
AAPL,2026-01-21,247.65
AAPL,2026-01-22,248.35
AAPL,2026-01-23,248.04
AAPL,2026-01-26,255.41
AAPL,2026-01-27,258.27
AAPL,2026-01-28,256.44
AAPL,2026-01-29,258.28
AAPL,2026-01-30,259.48
AAPL,2026-02-02,270.01
AAPL,2026-02-03,269.48
AAPL,2026-02-04,276.49
AAPL,2026-02-05,275.91
AAPL,2026-02-06,278.12
AAPL,2026-02-09,274.62
AAPL,2026-02-10,273.68
AAPL,2026-02-11,275.5
AAPL,2026-02-12,261.73
AAPL,2026-02-13,255.78
AAPL,2026-02-17,263.88
AAPL,2026-02-18,264.35
AAPL,2026-02-19,260.58
AAPL,2026-02-20,264.58
AAPL,2026-02-23,266.18
AAPL,2026-02-24,272.14
AAPL,2026-02-25,274.23
AAPL,2026-02-26,272.95
AAPL,2026-02-27,264.18
AAPL,2026-03-02,264.72
AAPL,2026-03-03,263.75
AAPL,2026-03-04,262.52
AAPL,2026-03-05,260.29
AAPL,2026-03-06,257.46
AAPL,2026-03-09,259.88
AAPL,2026-03-10,260.83
AAPL,2026-03-11,260.81
AAPL,2026-03-12,255.76
AAPL,2026-03-13,250.12
AAPL,2026-03-16,252.82
AAPL,2026-03-17,254.23
AAPL,2026-03-18,249.94
AAPL,2026-03-19,248.96
AAPL,2026-03-20,247.99
AAPL,2026-03-23,251.49
AAPL,2026-03-24,251.64
AAPL,2026-03-25,252.62
AAPL,2026-03-26,252.89
AAPL,2026-03-27,248.8
AAPL,2026-03-30,246.63
AAPL,2026-03-31,253.79
AAPL,2026-04-01,255.63
AAPL,2026-04-02,255.92
AAPL,2026-04-06,258.86
AAPL,2026-04-07,253.5
AAPL,2026-04-08,258.9
AAPL,2026-04-09,260.49
AAPL,2026-04-10,260.48
AAPL,2026-04-13,259.2
AAPL,2026-04-14,258.83
AAPL,2026-04-15,266.43
AAPL,2026-04-16,263.4
AAPL,2026-04-17,270.23
AAPL,2026-04-20,273.05
AAPL,2026-04-21,266.17
AAPL,2026-04-22,273.17
AAPL,2026-04-23,273.43
AAPL,2026-04-24,271.06
AAPL,2026-04-27,267.61
AAPL,2026-04-28,270.71
AAPL,2026-04-29,270.17
AAPL,2026-04-30,271.35
AAPL,2026-05-01,280.14
AAPL,2026-05-04,276.83
AAPL,2026-05-05,284.18
AAPL,2026-05-06,287.51
AAPL,2026-05-07,287.44
AAPL,2026-05-08,293.32
AAPL,2026-05-11,292.68
AAPL,2026-05-12,294.8
AAPL,2026-05-13,298.87
AAPL,2026-05-14,298.21
AAPL,2026-05-15,300.23
AAPL,2026-05-18,297.84
AAPL,2026-05-19,298.97
AAPL,2026-05-20,302.25
AAPL,2026-05-21,304.99
AAPL,2026-05-22,308.82
AAPL,2026-05-26,308.33
AAPL,2026-05-27,310.85
AAPL,2026-05-28,312.51
AAPL,2026-05-29,312.06
AAPL,2026-06-01,306.31
AAPL,2026-06-02,315.2
AAPL,2026-06-03,310.26
AAPL,2026-06-04,311.23
AAPL,2026-06-05,307.34
AAPL,2026-06-08,301.54
AAPL,2026-06-09,290.55
AAPL,2026-06-10,291.58
AAPL,2026-06-11,295.63
AAPL,2026-06-12,291.13
AAPL,2026-06-15,296.42
AAPL,2026-06-16,299.24
AAPL,2026-06-17,295.95
AAPL,2026-06-18,298.01
AAPL,2026-06-22,297.01
AAPL,2026-06-23,294.3
AAPL,2026-06-24,293.08
AAPL,2026-06-25,275.15
AAPL,2026-06-26,283.78
AAPL,2026-06-29,281.74
AAPL,2026-06-30,289.36
AAPL,2026-07-01,294.38
AAPL,2026-07-02,308.63
AAPL,2026-07-06,312.66
AAPL,2026-07-07,310.66
AAPL,2026-07-08,313.39
AAPL,2026-07-09,316.22
AAPL,2026-07-10,315.32
AAPL,2026-07-13,317.31
AAPL,2026-07-14,314.86
AAPL,2026-07-15,327.5
AAPL,2026-07-16,333.26
AAPL,2026-07-17,333.74
AAPL,2026-07-20,326.59
AAPL,2026-07-21,327.74
AAPL,2026-07-22,325.89
AAPL,2026-07-23,321.66
AAPL,2026-07-24,333.02
AAPL,2026-07-27,336.91
AAPL,2026-07-28,340.08
AAPL,2026-07-29,338.19
AAPL,2026-07-30,333.43
AAPL,2026-07-31,308.91
AAPL,2026-08-03,303.42
AAPL,2026-08-04,309.38
AAPL,2026-08-05,311
AAPL,2026-08-06,312.41
AAPL,2026-08-07,313.33
AAPL,2026-08-10,308.26
AAPL,2026-08-11,304.91
AAPL,2026-08-12,302.25
AAPL,2026-08-13,305.26
AAPL,2026-08-14,305.93
AAPL,2026-08-17,305.59
AAPL,2026-08-18,310.03
AAPL,2026-08-19,316.83
AAPL,2026-08-20,311.3
AAPL,2026-08-21,309.35
AAPL,2026-08-24,310.34
AAPL,2026-08-25,309.9
AAPL,2026-08-26,313.45
AAPL,2026-08-27,314.58
AAPL,2026-08-28,319.7
AAPL,2026-08-31,316.85
AAPL,2026-09-01,325.13
AAPL,2026-09-02,324.96
AAPL,2026-09-03,328.21
AAPL,2026-09-04,319.97
AAPL,2026-09-08,316.22
AAPL,2026-09-09,315.34
AAPL,2026-09-10,326.57
AAPL,2026-09-11,332.27
AAPL,2026-09-14,333.08
AAPL,2026-09-15,331.34
AAPL,2026-09-16,332.41
AAPL,2026-09-17,337
AAPL,2026-09-18,336.13
AMD,2025-09-16,160.46
AMD,2025-09-17,159.16
AMD,2025-09-18,157.92
AMD,2025-09-19,157.39
AMD,2025-09-22,159.79
AMD,2025-09-23,160.9
AMD,2025-09-24,160.88
AMD,2025-09-25,161.27
AMD,2025-09-26,159.46
AMD,2025-09-29,161.36
AMD,2025-09-30,161.79
AMD,2025-10-01,164.01
AMD,2025-10-02,169.73
AMD,2025-10-03,164.67
AMD,2025-10-06,203.71
AMD,2025-10-07,211.51
AMD,2025-10-08,235.56
AMD,2025-10-09,232.89
AMD,2025-10-10,214.9
AMD,2025-10-13,216.42
AMD,2025-10-14,218.09
AMD,2025-10-15,238.6
AMD,2025-10-16,234.56
AMD,2025-10-17,233.08
AMD,2025-10-20,240.56
AMD,2025-10-21,238.03
AMD,2025-10-22,230.23
AMD,2025-10-23,234.99
AMD,2025-10-24,252.92
AMD,2025-10-27,259.67
AMD,2025-10-28,258.01
AMD,2025-10-29,264.33
AMD,2025-10-30,254.84
AMD,2025-10-31,256.12
AMD,2025-11-03,259.65
AMD,2025-11-04,250.05
AMD,2025-11-05,256.33
AMD,2025-11-06,237.7
AMD,2025-11-07,233.54
AMD,2025-11-10,243.98
AMD,2025-11-11,237.52
AMD,2025-11-12,258.89
AMD,2025-11-13,247.96
AMD,2025-11-14,246.81
AMD,2025-11-17,240.52
AMD,2025-11-18,230.29
AMD,2025-11-19,223.55
AMD,2025-11-20,206.02
AMD,2025-11-21,203.78
AMD,2025-11-24,215.05
AMD,2025-11-25,206.13
AMD,2025-11-26,214.24
AMD,2025-11-28,217.53
AMD,2025-12-01,219.76
AMD,2025-12-02,215.24
AMD,2025-12-03,217.6
AMD,2025-12-04,215.98
AMD,2025-12-05,217.97
AMD,2025-12-08,221.11
AMD,2025-12-09,221.62
AMD,2025-12-10,221.42
AMD,2025-12-11,221.43
AMD,2025-12-12,210.78
AMD,2025-12-15,207.58
AMD,2025-12-16,209.17
AMD,2025-12-17,198.11
AMD,2025-12-18,201.06
AMD,2025-12-19,213.43
AMD,2025-12-22,214.95
AMD,2025-12-23,214.9
AMD,2025-12-24,215.04
AMD,2025-12-26,214.99
AMD,2025-12-29,215.61
AMD,2025-12-30,215.34
AMD,2025-12-31,214.16
AMD,2026-01-02,223.47
AMD,2026-01-05,221.08
AMD,2026-01-06,214.35
AMD,2026-01-07,210.02
AMD,2026-01-08,204.68
AMD,2026-01-09,203.17
AMD,2026-01-12,207.69
AMD,2026-01-13,220.97
AMD,2026-01-14,223.6
AMD,2026-01-15,227.92
AMD,2026-01-16,231.83
AMD,2026-01-20,231.92
AMD,2026-01-21,249.8
AMD,2026-01-22,253.73
AMD,2026-01-23,259.68
AMD,2026-01-26,251.31
AMD,2026-01-27,252.03
AMD,2026-01-28,252.74
AMD,2026-01-29,252.18
AMD,2026-01-30,236.73
AMD,2026-02-02,246.27
AMD,2026-02-03,242.11
AMD,2026-02-04,200.19
AMD,2026-02-05,192.5
AMD,2026-02-06,208.44
AMD,2026-02-09,216
AMD,2026-02-10,213.57
AMD,2026-02-11,213.58
AMD,2026-02-12,205.94
AMD,2026-02-13,207.32
AMD,2026-02-17,203.08
AMD,2026-02-18,200.12
AMD,2026-02-19,203.37
AMD,2026-02-20,200.15
AMD,2026-02-23,196.6
AMD,2026-02-24,213.84
AMD,2026-02-25,210.86
AMD,2026-02-26,203.68
AMD,2026-02-27,200.21
AMD,2026-03-02,198.62
AMD,2026-03-03,190.95
AMD,2026-03-04,202.07
AMD,2026-03-05,199.45
AMD,2026-03-06,192.43
AMD,2026-03-09,202.68
AMD,2026-03-10,203.23
AMD,2026-03-11,204.83
AMD,2026-03-12,197.74
AMD,2026-03-13,193.39
AMD,2026-03-16,196.58
AMD,2026-03-17,196.31
AMD,2026-03-18,199.46
AMD,2026-03-19,205.27
AMD,2026-03-20,201.33
AMD,2026-03-23,202.68
AMD,2026-03-24,205.37
AMD,2026-03-25,220.27
AMD,2026-03-26,203.77
AMD,2026-03-27,201.99
AMD,2026-03-30,196.04
AMD,2026-03-31,203.43
AMD,2026-04-01,210.21
AMD,2026-04-02,217.5
AMD,2026-04-06,220.18
AMD,2026-04-07,221.53
AMD,2026-04-08,231.82
AMD,2026-04-09,236.64
AMD,2026-04-10,245.04
AMD,2026-04-13,246.83
AMD,2026-04-14,255.07
AMD,2026-04-15,258.12
AMD,2026-04-16,278.26
AMD,2026-04-17,278.39
AMD,2026-04-20,274.95
AMD,2026-04-21,284.49
AMD,2026-04-22,303.46
AMD,2026-04-23,305.33
AMD,2026-04-24,347.81
AMD,2026-04-27,334.63
AMD,2026-04-28,323.21
AMD,2026-04-29,337.11
AMD,2026-04-30,354.49
AMD,2026-05-01,360.54
AMD,2026-05-04,341.54
AMD,2026-05-05,355.26
AMD,2026-05-06,421.39
AMD,2026-05-07,408.46
AMD,2026-05-08,455.19
AMD,2026-05-11,458.79
AMD,2026-05-12,448.29
AMD,2026-05-13,445.5
AMD,2026-05-14,449.7
AMD,2026-05-15,424.1
AMD,2026-05-18,420.99
AMD,2026-05-19,414.05
AMD,2026-05-20,447.58
AMD,2026-05-21,449.59
AMD,2026-05-22,467.51
AMD,2026-05-26,503.89
AMD,2026-05-27,495.54
AMD,2026-05-28,518.09
AMD,2026-05-29,516.1
AMD,2026-06-01,510.13
AMD,2026-06-02,521.54
AMD,2026-06-03,542.52
AMD,2026-06-04,523.2
AMD,2026-06-05,466.38
AMD,2026-06-08,490.33
AMD,2026-06-09,475.505
AMD,2026-06-10,452.4
AMD,2026-06-11,488.45
AMD,2026-06-12,511.57
AMD,2026-06-15,547.26
AMD,2026-06-16,507.29
AMD,2026-06-17,512.48
AMD,2026-06-18,537.37
AMD,2026-06-22,551.63
AMD,2026-06-23,519.85
AMD,2026-06-24,519.74
AMD,2026-06-25,532.57
AMD,2026-06-26,521.58
AMD,2026-06-29,539.49
AMD,2026-06-30,580.91
AMD,2026-07-01,540.88
AMD,2026-07-02,517.82
AMD,2026-07-06,552.05
AMD,2026-07-07,516.11
AMD,2026-07-08,517.405
AMD,2026-07-09,546.72
AMD,2026-07-10,557.89
AMD,2026-07-13,534.39
AMD,2026-07-14,548.13
AMD,2026-07-15,529.14
AMD,2026-07-16,500.94
AMD,2026-07-17,495.76
AMD,2026-07-20,503.57
AMD,2026-07-21,544.43
AMD,2026-07-22,552.33
AMD,2026-07-23,539.69
AMD,2026-07-24,521.95
AMD,2026-07-27,494.95
AMD,2026-07-28,454.62
AMD,2026-07-29,429.56
AMD,2026-07-30,485.39
AMD,2026-07-31,476.15
AMD,2026-08-03,484.64
AMD,2026-08-04,518.58
AMD,2026-08-05,482.05
AMD,2026-08-06,489.28
AMD,2026-08-07,483.36
AMD,2026-08-10,469.56
AMD,2026-08-11,474.32
AMD,2026-08-12,482.93
AMD,2026-08-13,483.01
AMD,2026-08-14,514.39
AMD,2026-08-17,506
AMD,2026-08-18,484.39
AMD,2026-08-19,466.42
AMD,2026-08-20,469.455
AMD,2026-08-21,473.25
AMD,2026-08-24,456.745
AMD,2026-08-25,479.18
AMD,2026-08-26,480.93
AMD,2026-08-27,476.67
AMD,2026-08-28,465.58
AMD,2026-08-31,470.72
AMD,2026-09-01,459.61
AMD,2026-09-02,457.06
AMD,2026-09-03,456.16
AMD,2026-09-04,477.57
AMD,2026-09-08,505.74
AMD,2026-09-09,521.095
AMD,2026-09-10,503.6
AMD,2026-09-11,516.13
AMD,2026-09-14,493.41
AMD,2026-09-15,504.2
AMD,2026-09-16,512.5
AMD,2026-09-17,545.09
AMD,2026-09-18,559.82
AMZN,2025-09-16,234.05
AMZN,2025-09-17,231.62
AMZN,2025-09-18,231.23
AMZN,2025-09-19,231.48
AMZN,2025-09-22,227.63
AMZN,2025-09-23,220.71
AMZN,2025-09-24,220.21
AMZN,2025-09-25,218.15
AMZN,2025-09-26,219.78
AMZN,2025-09-29,222.17
AMZN,2025-09-30,219.57
AMZN,2025-10-01,220.63
AMZN,2025-10-02,222.41
AMZN,2025-10-03,219.51
AMZN,2025-10-06,220.9
AMZN,2025-10-07,221.78
AMZN,2025-10-08,225.22
AMZN,2025-10-09,227.74
AMZN,2025-10-10,216.37
AMZN,2025-10-13,220.07
AMZN,2025-10-14,216.39
AMZN,2025-10-15,215.57
AMZN,2025-10-16,214.47
AMZN,2025-10-17,213.04
AMZN,2025-10-20,216.48
AMZN,2025-10-21,222.03
AMZN,2025-10-22,217.95
AMZN,2025-10-23,221.09
AMZN,2025-10-24,224.21
AMZN,2025-10-27,226.97
AMZN,2025-10-28,229.25
AMZN,2025-10-29,230.3
AMZN,2025-10-30,222.86
AMZN,2025-10-31,244.22
AMZN,2025-11-03,254
AMZN,2025-11-04,249.32
AMZN,2025-11-05,250.2
AMZN,2025-11-06,243.04
AMZN,2025-11-07,244.41
AMZN,2025-11-10,248.4
AMZN,2025-11-11,249.1
AMZN,2025-11-12,244.2
AMZN,2025-11-13,237.58
AMZN,2025-11-14,234.69
AMZN,2025-11-17,232.87
AMZN,2025-11-18,222.55
AMZN,2025-11-19,222.69
AMZN,2025-11-20,217.14
AMZN,2025-11-21,220.69
AMZN,2025-11-24,226.28
AMZN,2025-11-25,229.67
AMZN,2025-11-26,229.16
AMZN,2025-11-28,233.22
AMZN,2025-12-01,233.88
AMZN,2025-12-02,234.42
AMZN,2025-12-03,232.38
AMZN,2025-12-04,229.11
AMZN,2025-12-05,229.53
AMZN,2025-12-08,226.89
AMZN,2025-12-09,227.92
AMZN,2025-12-10,231.78
AMZN,2025-12-11,230.28
AMZN,2025-12-12,226.19
AMZN,2025-12-15,222.54
AMZN,2025-12-16,222.56
AMZN,2025-12-17,221.27
AMZN,2025-12-18,226.76
AMZN,2025-12-19,227.35
AMZN,2025-12-22,228.43
AMZN,2025-12-23,232.14
AMZN,2025-12-24,232.38
AMZN,2025-12-26,232.52
AMZN,2025-12-29,232.07
AMZN,2025-12-30,232.53
AMZN,2025-12-31,230.82
AMZN,2026-01-02,226.5
AMZN,2026-01-05,233.06
AMZN,2026-01-06,240.93
AMZN,2026-01-07,241.56
AMZN,2026-01-08,246.29
AMZN,2026-01-09,247.38
AMZN,2026-01-12,246.47
AMZN,2026-01-13,242.6
AMZN,2026-01-14,236.65
AMZN,2026-01-15,238.18
AMZN,2026-01-16,239.12
AMZN,2026-01-20,231
AMZN,2026-01-21,231.31
AMZN,2026-01-22,234.34
AMZN,2026-01-23,239.16
AMZN,2026-01-26,238.42
AMZN,2026-01-27,244.68
AMZN,2026-01-28,243.01
AMZN,2026-01-29,241.73
AMZN,2026-01-30,239.3
AMZN,2026-02-02,242.96
AMZN,2026-02-03,238.62
AMZN,2026-02-04,232.99
AMZN,2026-02-05,222.69
AMZN,2026-02-06,210.32
AMZN,2026-02-09,208.72
AMZN,2026-02-10,206.96
AMZN,2026-02-11,204.08
AMZN,2026-02-12,199.6
AMZN,2026-02-13,198.79
AMZN,2026-02-17,201.15
AMZN,2026-02-18,204.79
AMZN,2026-02-19,204.86
AMZN,2026-02-20,210.11
AMZN,2026-02-23,205.27
AMZN,2026-02-24,208.56
AMZN,2026-02-25,210.64
AMZN,2026-02-26,207.92
AMZN,2026-02-27,210
AMZN,2026-03-02,208.39
AMZN,2026-03-03,208.73
AMZN,2026-03-04,216.82
AMZN,2026-03-05,218.94
AMZN,2026-03-06,213.21
AMZN,2026-03-09,213.49
AMZN,2026-03-10,214.33
AMZN,2026-03-11,212.65
AMZN,2026-03-12,209.53
AMZN,2026-03-13,207.67
AMZN,2026-03-16,211.74
AMZN,2026-03-17,215.2
AMZN,2026-03-18,209.87
AMZN,2026-03-19,208.76
AMZN,2026-03-20,205.37
AMZN,2026-03-23,210.14
AMZN,2026-03-24,207.24
AMZN,2026-03-25,211.71
AMZN,2026-03-26,207.54
AMZN,2026-03-27,199.34
AMZN,2026-03-30,200.95
AMZN,2026-03-31,208.27
AMZN,2026-04-01,210.57
AMZN,2026-04-02,209.77
AMZN,2026-04-06,212.79
AMZN,2026-04-07,213.77
AMZN,2026-04-08,221.25
AMZN,2026-04-09,233.65
AMZN,2026-04-10,238.38
AMZN,2026-04-13,239.89
AMZN,2026-04-14,249.02
AMZN,2026-04-15,248.5
AMZN,2026-04-16,249.7
AMZN,2026-04-17,250.56
AMZN,2026-04-20,248.28
AMZN,2026-04-21,249.91
AMZN,2026-04-22,255.36
AMZN,2026-04-23,255.08
AMZN,2026-04-24,263.99
AMZN,2026-04-27,261.12
AMZN,2026-04-28,259.7
AMZN,2026-04-29,263.04
AMZN,2026-04-30,265.06
AMZN,2026-05-01,268.26
AMZN,2026-05-04,272.05
AMZN,2026-05-05,273.55
AMZN,2026-05-06,274.99
AMZN,2026-05-07,271.17
AMZN,2026-05-08,272.68
AMZN,2026-05-11,268.99
AMZN,2026-05-12,265.82
AMZN,2026-05-13,270.13
AMZN,2026-05-14,267.22
AMZN,2026-05-15,264.14
AMZN,2026-05-18,264.86
AMZN,2026-05-19,259.34
AMZN,2026-05-20,265.01
AMZN,2026-05-21,268.46
AMZN,2026-05-22,266.32
AMZN,2026-05-26,265.29
AMZN,2026-05-27,271.85
AMZN,2026-05-28,274
AMZN,2026-05-29,270.64
AMZN,2026-06-01,261.26
AMZN,2026-06-02,256.52
AMZN,2026-06-03,250.02
AMZN,2026-06-04,253.79
AMZN,2026-06-05,246.03
AMZN,2026-06-08,245.22
AMZN,2026-06-09,244.19
AMZN,2026-06-10,238
AMZN,2026-06-11,241.51
AMZN,2026-06-12,238.55
AMZN,2026-06-15,246.02
AMZN,2026-06-16,246
AMZN,2026-06-17,237.5
AMZN,2026-06-18,244.39
AMZN,2026-06-22,232.79
AMZN,2026-06-23,234.11
AMZN,2026-06-24,234.27
AMZN,2026-06-25,227.01
AMZN,2026-06-26,232.69
AMZN,2026-06-29,240.14
AMZN,2026-06-30,238.34
AMZN,2026-07-01,241.7
AMZN,2026-07-02,242.67
AMZN,2026-07-06,244.16
AMZN,2026-07-07,245.98
AMZN,2026-07-08,243.62
AMZN,2026-07-09,247.04
AMZN,2026-07-10,245.34
AMZN,2026-07-13,247.31
AMZN,2026-07-14,247.49
AMZN,2026-07-15,254.96
AMZN,2026-07-16,249.89
AMZN,2026-07-17,247.23
AMZN,2026-07-20,249.99
AMZN,2026-07-21,247.55
AMZN,2026-07-22,244.85
AMZN,2026-07-23,233.66
AMZN,2026-07-24,232.11
AMZN,2026-07-27,231.39
AMZN,2026-07-28,230.86
AMZN,2026-07-29,226.65
AMZN,2026-07-30,235.5
AMZN,2026-07-31,271.58
AMZN,2026-08-03,284.02
AMZN,2026-08-04,277.42
AMZN,2026-08-05,272.65
AMZN,2026-08-06,272.26
AMZN,2026-08-07,274.48
AMZN,2026-08-10,278.09
AMZN,2026-08-11,272.27
AMZN,2026-08-12,267.28
AMZN,2026-08-13,265.13
AMZN,2026-08-14,262.65
AMZN,2026-08-17,261.31
AMZN,2026-08-18,259.45
AMZN,2026-08-19,265.84
AMZN,2026-08-20,260.11
AMZN,2026-08-21,258.63
AMZN,2026-08-24,262.07
AMZN,2026-08-25,261.06
AMZN,2026-08-26,260.28
AMZN,2026-08-27,256.26
AMZN,2026-08-28,266.43
AMZN,2026-08-31,259.77
AMZN,2026-09-01,254.92
AMZN,2026-09-02,254.98
AMZN,2026-09-03,258.9
AMZN,2026-09-04,258.51
AMZN,2026-09-08,256.97
AMZN,2026-09-09,252.4
AMZN,2026-09-10,251.89
AMZN,2026-09-11,256.78
AMZN,2026-09-14,253.54
AMZN,2026-09-15,248.42
AMZN,2026-09-16,245.96
AMZN,2026-09-17,251.19
AMZN,2026-09-18,253.71
GOOGL,2025-09-16,251.16
GOOGL,2025-09-17,249.53
GOOGL,2025-09-18,252.03
GOOGL,2025-09-19,254.72
GOOGL,2025-09-22,252.53
GOOGL,2025-09-23,251.66
GOOGL,2025-09-24,247.14
GOOGL,2025-09-25,245.79
GOOGL,2025-09-26,246.54
GOOGL,2025-09-29,244.05
GOOGL,2025-09-30,243.1
GOOGL,2025-10-01,244.9
GOOGL,2025-10-02,245.69
GOOGL,2025-10-03,245.35
GOOGL,2025-10-06,250.43
GOOGL,2025-10-07,245.76
GOOGL,2025-10-08,244.62
GOOGL,2025-10-09,241.53
GOOGL,2025-10-10,236.57
GOOGL,2025-10-13,244.15
GOOGL,2025-10-14,245.45
GOOGL,2025-10-15,251.03
GOOGL,2025-10-16,251.46
GOOGL,2025-10-17,253.3
GOOGL,2025-10-20,256.55
GOOGL,2025-10-21,250.46
GOOGL,2025-10-22,251.69
GOOGL,2025-10-23,253.08
GOOGL,2025-10-24,259.92
GOOGL,2025-10-27,269.27
GOOGL,2025-10-28,267.47
GOOGL,2025-10-29,274.57
GOOGL,2025-10-30,281.48
GOOGL,2025-10-31,281.19
GOOGL,2025-11-03,283.72
GOOGL,2025-11-04,277.54
GOOGL,2025-11-05,284.31
GOOGL,2025-11-06,284.75
GOOGL,2025-11-07,278.83
GOOGL,2025-11-10,290.1
GOOGL,2025-11-11,291.31
GOOGL,2025-11-12,286.71
GOOGL,2025-11-13,278.57
GOOGL,2025-11-14,276.41
GOOGL,2025-11-17,285.02
GOOGL,2025-11-18,284.28
GOOGL,2025-11-19,292.81
GOOGL,2025-11-20,289.45
GOOGL,2025-11-21,299.66
GOOGL,2025-11-24,318.58
GOOGL,2025-11-25,323.44
GOOGL,2025-11-26,319.95
GOOGL,2025-11-28,320.18
GOOGL,2025-12-01,314.89
GOOGL,2025-12-02,315.81
GOOGL,2025-12-03,319.63
GOOGL,2025-12-04,317.62
GOOGL,2025-12-05,321.27
GOOGL,2025-12-08,313.72
GOOGL,2025-12-09,317.08
GOOGL,2025-12-10,320.21
GOOGL,2025-12-11,312.43
GOOGL,2025-12-12,309.29
GOOGL,2025-12-15,308.22
GOOGL,2025-12-16,306.57
GOOGL,2025-12-17,296.72
GOOGL,2025-12-18,302.46
GOOGL,2025-12-19,307.16
GOOGL,2025-12-22,309.78
GOOGL,2025-12-23,314.35
GOOGL,2025-12-24,314.09
GOOGL,2025-12-26,313.51
GOOGL,2025-12-29,313.56
GOOGL,2025-12-30,313.85
GOOGL,2025-12-31,313
GOOGL,2026-01-02,315.15
GOOGL,2026-01-05,316.54
GOOGL,2026-01-06,314.34
GOOGL,2026-01-07,321.98
GOOGL,2026-01-08,325.44
GOOGL,2026-01-09,328.57
GOOGL,2026-01-12,331.86
GOOGL,2026-01-13,335.97
GOOGL,2026-01-14,335.84
GOOGL,2026-01-15,332.78
GOOGL,2026-01-16,330
GOOGL,2026-01-20,322
GOOGL,2026-01-21,328.38
GOOGL,2026-01-22,330.54
GOOGL,2026-01-23,327.93
GOOGL,2026-01-26,333.26
GOOGL,2026-01-27,334.55
GOOGL,2026-01-28,336.01
GOOGL,2026-01-29,338.25
GOOGL,2026-01-30,338
GOOGL,2026-02-02,343.69
GOOGL,2026-02-03,339.71
GOOGL,2026-02-04,333.04
GOOGL,2026-02-05,331.25
GOOGL,2026-02-06,322.86
GOOGL,2026-02-09,324.32
GOOGL,2026-02-10,318.58
GOOGL,2026-02-11,310.96
GOOGL,2026-02-12,309
GOOGL,2026-02-13,305.72
GOOGL,2026-02-17,302.02
GOOGL,2026-02-18,303.33
GOOGL,2026-02-19,302.85
GOOGL,2026-02-20,314.98
GOOGL,2026-02-23,311.49
GOOGL,2026-02-24,310.9
GOOGL,2026-02-25,312.9
GOOGL,2026-02-26,307.38
GOOGL,2026-02-27,311.76
GOOGL,2026-03-02,306.52
GOOGL,2026-03-03,303.58
GOOGL,2026-03-04,303.13
GOOGL,2026-03-05,300.88
GOOGL,2026-03-06,298.52
GOOGL,2026-03-09,306.36
GOOGL,2026-03-10,307.04
GOOGL,2026-03-11,308.7
GOOGL,2026-03-12,303.55
GOOGL,2026-03-13,302.28
GOOGL,2026-03-16,305.56
GOOGL,2026-03-17,310.92
GOOGL,2026-03-18,307.69
GOOGL,2026-03-19,307.13
GOOGL,2026-03-20,301
GOOGL,2026-03-23,302.06
GOOGL,2026-03-24,290.44
GOOGL,2026-03-25,290.93
GOOGL,2026-03-26,280.92
GOOGL,2026-03-27,274.34
GOOGL,2026-03-30,273.5
GOOGL,2026-03-31,287.56
GOOGL,2026-04-01,297.39
GOOGL,2026-04-02,295.77
GOOGL,2026-04-06,299.99
GOOGL,2026-04-07,305.46
GOOGL,2026-04-08,317.32
GOOGL,2026-04-09,318.49
GOOGL,2026-04-10,317.24
GOOGL,2026-04-13,321.31
GOOGL,2026-04-14,332.91
GOOGL,2026-04-15,337.12
GOOGL,2026-04-16,336.02
GOOGL,2026-04-17,341.68
GOOGL,2026-04-20,337.42
GOOGL,2026-04-21,332.29
GOOGL,2026-04-22,339.32
GOOGL,2026-04-23,338.89
GOOGL,2026-04-24,344.4
GOOGL,2026-04-27,350.34
GOOGL,2026-04-28,349.78
GOOGL,2026-04-29,349.94
GOOGL,2026-04-30,384.8
GOOGL,2026-05-01,385.69
GOOGL,2026-05-04,383.25
GOOGL,2026-05-05,388.43
GOOGL,2026-05-06,398.04
GOOGL,2026-05-07,397.99
GOOGL,2026-05-08,400.8
GOOGL,2026-05-11,388.64
GOOGL,2026-05-12,387.35
GOOGL,2026-05-13,402.62
GOOGL,2026-05-14,401.07
GOOGL,2026-05-15,396.78
GOOGL,2026-05-18,396.94
GOOGL,2026-05-19,387.66
GOOGL,2026-05-20,388.91
GOOGL,2026-05-21,387.66
GOOGL,2026-05-22,382.97
GOOGL,2026-05-26,388.88
GOOGL,2026-05-27,388.83
GOOGL,2026-05-28,390.13
GOOGL,2026-05-29,380.34
GOOGL,2026-06-01,376.37
GOOGL,2026-06-02,361.85
GOOGL,2026-06-03,358.99
GOOGL,2026-06-04,372.19
GOOGL,2026-06-05,368.53
GOOGL,2026-06-08,363.31
GOOGL,2026-06-09,364.26
GOOGL,2026-06-10,356.38
GOOGL,2026-06-11,357.77
GOOGL,2026-06-12,359.68
GOOGL,2026-06-15,369.35
GOOGL,2026-06-16,373.25
GOOGL,2026-06-17,363.79
GOOGL,2026-06-18,368.03
GOOGL,2026-06-22,349.68
GOOGL,2026-06-23,346.13
GOOGL,2026-06-24,345.29
GOOGL,2026-06-25,343.71
GOOGL,2026-06-26,337.39
GOOGL,2026-06-29,353.65
GOOGL,2026-06-30,357.37
GOOGL,2026-07-01,361.21
GOOGL,2026-07-02,359.91
GOOGL,2026-07-06,366.46
GOOGL,2026-07-07,367.03
GOOGL,2026-07-08,361.92
GOOGL,2026-07-09,358.89
GOOGL,2026-07-10,357.18
GOOGL,2026-07-13,352.51
GOOGL,2026-07-14,359.51
GOOGL,2026-07-15,370.92
GOOGL,2026-07-16,354.46
GOOGL,2026-07-17,346.77
GOOGL,2026-07-20,351.99
GOOGL,2026-07-21,347.15
GOOGL,2026-07-22,342.09
GOOGL,2026-07-23,317.69
GOOGL,2026-07-24,319.74
GOOGL,2026-07-27,326.56
GOOGL,2026-07-28,333.71
GOOGL,2026-07-29,336.71
GOOGL,2026-07-30,333.66
GOOGL,2026-07-31,356.13
GOOGL,2026-08-03,373.51
GOOGL,2026-08-04,377.65
GOOGL,2026-08-05,362.43
GOOGL,2026-08-06,357.75
GOOGL,2026-08-07,354.3
GOOGL,2026-08-10,357.52
GOOGL,2026-08-11,343.8
GOOGL,2026-08-12,343.54
GOOGL,2026-08-13,346.36
GOOGL,2026-08-14,345.9
GOOGL,2026-08-17,344
GOOGL,2026-08-18,344.2
GOOGL,2026-08-19,344.72
GOOGL,2026-08-20,340.67
GOOGL,2026-08-21,344.82
GOOGL,2026-08-24,348.06
GOOGL,2026-08-25,346.96
GOOGL,2026-08-26,342
GOOGL,2026-08-27,340.65
GOOGL,2026-08-28,346.59
GOOGL,2026-08-31,339.35
GOOGL,2026-09-01,335.02
GOOGL,2026-09-02,337.12
GOOGL,2026-09-03,342.48
GOOGL,2026-09-04,338.46
GOOGL,2026-09-08,338.36
GOOGL,2026-09-09,330.65
GOOGL,2026-09-10,332.6
GOOGL,2026-09-11,338.5
GOOGL,2026-09-14,349.39
GOOGL,2026-09-15,344.98
GOOGL,2026-09-16,342.87
GOOGL,2026-09-17,347.33
GOOGL,2026-09-18,349.54
META,2025-09-16,779
META,2025-09-17,775.715
META,2025-09-18,780.25
META,2025-09-19,778.38
META,2025-09-22,765.16
META,2025-09-23,755.4
META,2025-09-24,760.66
META,2025-09-25,748.91
META,2025-09-26,743.75
META,2025-09-29,743.4
META,2025-09-30,734.38
META,2025-10-01,717.34
META,2025-10-02,727.05
META,2025-10-03,710.56
META,2025-10-06,715.66
META,2025-10-07,713.08
META,2025-10-08,717.84
META,2025-10-09,733.51
META,2025-10-10,705.3
META,2025-10-13,715.7
META,2025-10-14,708.65
META,2025-10-15,717.55
META,2025-10-16,712.07
META,2025-10-17,716.915
META,2025-10-20,732.17
META,2025-10-21,733.27
META,2025-10-22,733.41
META,2025-10-23,734
META,2025-10-24,738.36
META,2025-10-27,750.82
META,2025-10-28,751.44
META,2025-10-29,751.67
META,2025-10-30,666.47
META,2025-10-31,648.35
META,2025-11-03,637.71
META,2025-11-04,627.32
META,2025-11-05,635.95
META,2025-11-06,618.94
META,2025-11-07,621.71
META,2025-11-10,631.76
META,2025-11-11,627.08
META,2025-11-12,609.01
META,2025-11-13,609.89
META,2025-11-14,609.46
META,2025-11-17,602.01
META,2025-11-18,597.69
META,2025-11-19,590.32
META,2025-11-20,589.15
META,2025-11-21,594.25
META,2025-11-24,613.05
META,2025-11-25,636.22
META,2025-11-26,633.61
META,2025-11-28,647.95
META,2025-12-01,640.87
META,2025-12-02,647.1
META,2025-12-03,639.6
META,2025-12-04,661.53
META,2025-12-05,673.42
META,2025-12-08,666.8
META,2025-12-09,656.96
META,2025-12-10,650.13
META,2025-12-11,652.71
META,2025-12-12,644.23
META,2025-12-15,647.51
META,2025-12-16,657.15
META,2025-12-17,649.5
META,2025-12-18,664.45
META,2025-12-19,658.77
META,2025-12-22,661.5
META,2025-12-23,664.94
META,2025-12-24,667.55
META,2025-12-26,663.29
META,2025-12-29,658.69
META,2025-12-30,665.95
META,2025-12-31,660.09
META,2026-01-02,650.41
META,2026-01-05,658.79
META,2026-01-06,660.62
META,2026-01-07,648.69
META,2026-01-08,646.06
META,2026-01-09,653.06
META,2026-01-12,641.97
META,2026-01-13,631.09
META,2026-01-14,615.52
META,2026-01-15,620.8
META,2026-01-16,620.25
META,2026-01-20,604.12
META,2026-01-21,612.96
META,2026-01-22,647.63
META,2026-01-23,658.76
META,2026-01-26,672.36
META,2026-01-27,672.97
META,2026-01-28,668.73
META,2026-01-29,738.31
META,2026-01-30,716.5
META,2026-02-02,706.41
META,2026-02-03,691.7
META,2026-02-04,668.99
META,2026-02-05,670.21
META,2026-02-06,661.46
META,2026-02-09,677.22
META,2026-02-10,670.72
META,2026-02-11,668.69
META,2026-02-12,649.81
META,2026-02-13,639.77
META,2026-02-17,639.29
META,2026-02-18,643.22
META,2026-02-19,644.78
META,2026-02-20,655.66
META,2026-02-23,637.25
META,2026-02-24,639.3
META,2026-02-25,653.69
META,2026-02-26,657.01
META,2026-02-27,648.18
META,2026-03-02,653.56
META,2026-03-03,655.08
META,2026-03-04,667.73
META,2026-03-05,660.57
META,2026-03-06,644.86
META,2026-03-09,647.39
META,2026-03-10,654.07
META,2026-03-11,654.86
META,2026-03-12,638.18
META,2026-03-13,613.71
META,2026-03-16,627.45
META,2026-03-17,622.66
META,2026-03-18,615.68
META,2026-03-19,606.7
META,2026-03-20,593.66
META,2026-03-23,604.06
META,2026-03-24,592.92
META,2026-03-25,594.89
META,2026-03-26,547.54
META,2026-03-27,525.72
META,2026-03-30,536.38
META,2026-03-31,572.13
META,2026-04-01,579.23
META,2026-04-02,574.46
META,2026-04-06,573.02
META,2026-04-07,575.05
META,2026-04-08,612.42
META,2026-04-09,628.39
META,2026-04-10,629.86
META,2026-04-13,634.53
META,2026-04-14,662.49
META,2026-04-15,671.58
META,2026-04-16,676.87
META,2026-04-17,688.55
META,2026-04-20,670.91
META,2026-04-21,668.84
META,2026-04-22,674.72
META,2026-04-23,659.15
META,2026-04-24,675.03
META,2026-04-27,678.62
META,2026-04-28,671.34
META,2026-04-29,669.12
META,2026-04-30,611.91
META,2026-05-01,608.745
META,2026-05-04,610.41
META,2026-05-05,604.96
META,2026-05-06,612.88
META,2026-05-07,616.81
META,2026-05-08,609.63
META,2026-05-11,598.86
META,2026-05-12,603
META,2026-05-13,616.63
META,2026-05-14,618.43
META,2026-05-15,614.23
META,2026-05-18,611.21
META,2026-05-19,602.61
META,2026-05-20,605.06
META,2026-05-21,607.38
META,2026-05-22,610.26
META,2026-05-26,612.34
META,2026-05-27,635.255
META,2026-05-28,635.29
META,2026-05-29,632.51
META,2026-06-01,600.47
META,2026-06-02,597.63
META,2026-06-03,622.98
META,2026-06-04,627.57
META,2026-06-05,593
META,2026-06-08,585.39
META,2026-06-09,584.59
META,2026-06-10,570.98
META,2026-06-11,568.43
META,2026-06-12,566.98
META,2026-06-15,593.48
META,2026-06-16,600.21
META,2026-06-17,567.58
META,2026-06-18,577.22
META,2026-06-22,563.85
META,2026-06-23,562.2
META,2026-06-24,557.67
META,2026-06-25,542.87
META,2026-06-26,550.25
META,2026-06-29,562.6
META,2026-06-30,563.29
META,2026-07-01,612.91
META,2026-07-02,582.9
META,2026-07-06,600.29
META,2026-07-07,615.58
META,2026-07-08,603.12
META,2026-07-09,631.48
META,2026-07-10,669.21
META,2026-07-13,656.73
META,2026-07-14,661.04
META,2026-07-15,681.31
META,2026-07-16,664.54
META,2026-07-17,646.01
META,2026-07-20,645.85
META,2026-07-21,643.81
META,2026-07-22,627.17
META,2026-07-23,606.1
META,2026-07-24,595.19
META,2026-07-27,593.87
META,2026-07-28,593.41
META,2026-07-29,585.61
META,2026-07-30,539.03
META,2026-07-31,556.71
META,2026-08-03,590.24
META,2026-08-04,587.94
META,2026-08-05,588.77
META,2026-08-06,589.9
META,2026-08-07,592.1
META,2026-08-10,594.92
META,2026-08-11,599.12
META,2026-08-12,578.85
META,2026-08-13,594.97
META,2026-08-14,589.85
META,2026-08-17,568.97
META,2026-08-18,543.67
META,2026-08-19,546.03
META,2026-08-20,545.83
META,2026-08-21,549.9
META,2026-08-24,559.02
META,2026-08-25,570.05
META,2026-08-26,576.14
META,2026-08-27,571.1
META,2026-08-28,578.02
META,2026-08-31,572.34
META,2026-09-01,578.54
META,2026-09-02,592.85
META,2026-09-03,610.68
META,2026-09-04,616.77
META,2026-09-08,613.48
META,2026-09-09,653.69
META,2026-09-10,644.38
META,2026-09-11,648.03
META,2026-09-14,665.6
META,2026-09-15,670.24
META,2026-09-16,673.31
META,2026-09-17,682.31
META,2026-09-18,665.75
MSFT,2025-09-16,509.04
MSFT,2025-09-17,510.02
MSFT,2025-09-18,508.45
MSFT,2025-09-19,517.93
MSFT,2025-09-22,514.45
MSFT,2025-09-23,509.23
MSFT,2025-09-24,510.15
MSFT,2025-09-25,507.03
MSFT,2025-09-26,511.46
MSFT,2025-09-29,514.6
MSFT,2025-09-30,517.95
MSFT,2025-10-01,519.71
MSFT,2025-10-02,515.74
MSFT,2025-10-03,517.35
MSFT,2025-10-06,528.57
MSFT,2025-10-07,523.98
MSFT,2025-10-08,524.85
MSFT,2025-10-09,522.4
MSFT,2025-10-10,510.96
MSFT,2025-10-13,514.05
MSFT,2025-10-14,513.57
MSFT,2025-10-15,513.43
MSFT,2025-10-16,511.61
MSFT,2025-10-17,513.58
MSFT,2025-10-20,516.79
MSFT,2025-10-21,517.66
MSFT,2025-10-22,520.54
MSFT,2025-10-23,520.56
MSFT,2025-10-24,523.61
MSFT,2025-10-27,531.52
MSFT,2025-10-28,542.07
MSFT,2025-10-29,541.55
MSFT,2025-10-30,525.76
MSFT,2025-10-31,517.81
MSFT,2025-11-03,517.03
MSFT,2025-11-04,514.33
MSFT,2025-11-05,507.16
MSFT,2025-11-06,497.1
MSFT,2025-11-07,496.82
MSFT,2025-11-10,506
MSFT,2025-11-11,508.68
MSFT,2025-11-12,511.14
MSFT,2025-11-13,503.29
MSFT,2025-11-14,510.18
MSFT,2025-11-17,507.49
MSFT,2025-11-18,493.79
MSFT,2025-11-19,487.12
MSFT,2025-11-20,478.43
MSFT,2025-11-21,472.12
MSFT,2025-11-24,474
MSFT,2025-11-25,476.99
MSFT,2025-11-26,485.5
MSFT,2025-11-28,492.01
MSFT,2025-12-01,486.74
MSFT,2025-12-02,490
MSFT,2025-12-03,477.73
MSFT,2025-12-04,480.84
MSFT,2025-12-05,483.16
MSFT,2025-12-08,491.02
MSFT,2025-12-09,492.02
MSFT,2025-12-10,478.56
MSFT,2025-12-11,483.47
MSFT,2025-12-12,478.53
MSFT,2025-12-15,474.82
MSFT,2025-12-16,476.39
MSFT,2025-12-17,476.12
MSFT,2025-12-18,483.98
MSFT,2025-12-19,485.92
MSFT,2025-12-22,484.92
MSFT,2025-12-23,486.85
MSFT,2025-12-24,488.02
MSFT,2025-12-26,487.71
MSFT,2025-12-29,487.1
MSFT,2025-12-30,487.48
MSFT,2025-12-31,483.62
MSFT,2026-01-02,472.94
MSFT,2026-01-05,472.85
MSFT,2026-01-06,478.51
MSFT,2026-01-07,483.47
MSFT,2026-01-08,478.11
MSFT,2026-01-09,479.28
MSFT,2026-01-12,477.18
MSFT,2026-01-13,470.67
MSFT,2026-01-14,459.38
MSFT,2026-01-15,456.66
MSFT,2026-01-16,459.86
MSFT,2026-01-20,454.52
MSFT,2026-01-21,444.11
MSFT,2026-01-22,451.14
MSFT,2026-01-23,465.95
MSFT,2026-01-26,470.28
MSFT,2026-01-27,480.58
MSFT,2026-01-28,481.63
MSFT,2026-01-29,433.5
MSFT,2026-01-30,430.29
MSFT,2026-02-02,423.37
MSFT,2026-02-03,411.21
MSFT,2026-02-04,414.19
MSFT,2026-02-05,393.67
MSFT,2026-02-06,401.14
MSFT,2026-02-09,413.6
MSFT,2026-02-10,413.27
MSFT,2026-02-11,404.37
MSFT,2026-02-12,401.84
MSFT,2026-02-13,401.32
MSFT,2026-02-17,396.86
MSFT,2026-02-18,399.6
MSFT,2026-02-19,398.46
MSFT,2026-02-20,397.23
MSFT,2026-02-23,384.47
MSFT,2026-02-24,389
MSFT,2026-02-25,400.6
MSFT,2026-02-26,401.72
MSFT,2026-02-27,392.74
MSFT,2026-03-02,398.55
MSFT,2026-03-03,403.93
MSFT,2026-03-04,405.2
MSFT,2026-03-05,410.68
MSFT,2026-03-06,408.96
MSFT,2026-03-09,409.41
MSFT,2026-03-10,405.76
MSFT,2026-03-11,404.88
MSFT,2026-03-12,401.86
MSFT,2026-03-13,395.55
MSFT,2026-03-16,399.95
MSFT,2026-03-17,399.41
MSFT,2026-03-18,391.79
MSFT,2026-03-19,389.02
MSFT,2026-03-20,381.87
MSFT,2026-03-23,383
MSFT,2026-03-24,372.74
MSFT,2026-03-25,371.04
MSFT,2026-03-26,365.97
MSFT,2026-03-27,356.77
MSFT,2026-03-30,358.96
MSFT,2026-03-31,370.17
MSFT,2026-04-01,369.37
MSFT,2026-04-02,373.46
MSFT,2026-04-06,372.88
MSFT,2026-04-07,372.29
MSFT,2026-04-08,374.33
MSFT,2026-04-09,373.07
MSFT,2026-04-10,370.87
MSFT,2026-04-13,384.37
MSFT,2026-04-14,393.11
MSFT,2026-04-15,411.22
MSFT,2026-04-16,420.26
MSFT,2026-04-17,422.79
MSFT,2026-04-20,418.07
MSFT,2026-04-21,424.16
MSFT,2026-04-22,432.92
MSFT,2026-04-23,415.75
MSFT,2026-04-24,424.62
MSFT,2026-04-27,424.82
MSFT,2026-04-28,429.25
MSFT,2026-04-29,424.46
MSFT,2026-04-30,407.78
MSFT,2026-05-01,414.44
MSFT,2026-05-04,413.62
MSFT,2026-05-05,411.38
MSFT,2026-05-06,413.96
MSFT,2026-05-07,420.77
MSFT,2026-05-08,415.12
MSFT,2026-05-11,412.66
MSFT,2026-05-12,407.77
MSFT,2026-05-13,405.21
MSFT,2026-05-14,409.43
MSFT,2026-05-15,421.92
MSFT,2026-05-18,423.54
MSFT,2026-05-19,417.42
MSFT,2026-05-20,421.06
MSFT,2026-05-21,419.09
MSFT,2026-05-22,418.57
MSFT,2026-05-26,416.03
MSFT,2026-05-27,412.67
MSFT,2026-05-28,426.99
MSFT,2026-05-29,450.24
MSFT,2026-06-01,460.52
MSFT,2026-06-02,441.31
MSFT,2026-06-03,427.34
MSFT,2026-06-04,428.05
MSFT,2026-06-05,416.67
MSFT,2026-06-08,411.74
MSFT,2026-06-09,403.41
MSFT,2026-06-10,397.36
MSFT,2026-06-11,390.34
MSFT,2026-06-12,390.74
MSFT,2026-06-15,399.76
MSFT,2026-06-16,393.83
MSFT,2026-06-17,378.91
MSFT,2026-06-18,379.4
MSFT,2026-06-22,367.34
MSFT,2026-06-23,373.94
MSFT,2026-06-24,365.46
MSFT,2026-06-25,352.83
MSFT,2026-06-26,372.97
MSFT,2026-06-29,368.57
MSFT,2026-06-30,373.02
MSFT,2026-07-01,384.28
MSFT,2026-07-02,390.49
MSFT,2026-07-06,386.74
MSFT,2026-07-07,388.84
MSFT,2026-07-08,383.34
MSFT,2026-07-09,384.36
MSFT,2026-07-10,385.1
MSFT,2026-07-13,390.99
MSFT,2026-07-14,384.93
MSFT,2026-07-15,395.63
MSFT,2026-07-16,401.1
MSFT,2026-07-17,393.82
MSFT,2026-07-20,402.29
MSFT,2026-07-21,397.75
MSFT,2026-07-22,390.34
MSFT,2026-07-23,381.58
MSFT,2026-07-24,381.7
MSFT,2026-07-27,389.1
MSFT,2026-07-28,393.35
MSFT,2026-07-29,390.54
MSFT,2026-07-30,451.1
MSFT,2026-07-31,464.72
MSFT,2026-08-03,487.65
MSFT,2026-08-04,492.81
MSFT,2026-08-05,487.46
MSFT,2026-08-06,499.86
MSFT,2026-08-07,499.99
MSFT,2026-08-10,506.06
MSFT,2026-08-11,503.81
MSFT,2026-08-12,492.43
MSFT,2026-08-13,496.88
MSFT,2026-08-14,495.4
MSFT,2026-08-17,480.35
MSFT,2026-08-18,481.63
MSFT,2026-08-19,484.31
MSFT,2026-08-20,481.15
MSFT,2026-08-21,483.24
MSFT,2026-08-24,487.31
MSFT,2026-08-25,491.71
MSFT,2026-08-26,496.37
MSFT,2026-08-27,505.06
MSFT,2026-08-28,513.53
MSFT,2026-08-31,507.29
MSFT,2026-09-01,501.02
MSFT,2026-09-02,496.82
MSFT,2026-09-03,510.12
MSFT,2026-09-04,499.7
MSFT,2026-09-08,493.95
MSFT,2026-09-09,491.65
MSFT,2026-09-10,492.44
MSFT,2026-09-11,495.63
MSFT,2026-09-14,505.41
MSFT,2026-09-15,497.12
MSFT,2026-09-16,490.3
MSFT,2026-09-17,497.75
MSFT,2026-09-18,493.78
NVDA,2025-09-16,174.88
NVDA,2025-09-17,170.29
NVDA,2025-09-18,176.24
NVDA,2025-09-19,176.67
NVDA,2025-09-22,183.61
NVDA,2025-09-23,178.43
NVDA,2025-09-24,176.97
NVDA,2025-09-25,177.69
NVDA,2025-09-26,178.19
NVDA,2025-09-29,181.85
NVDA,2025-09-30,186.58
NVDA,2025-10-01,187.24
NVDA,2025-10-02,188.89
NVDA,2025-10-03,187.62
NVDA,2025-10-06,185.54
NVDA,2025-10-07,185.04
NVDA,2025-10-08,189.11
NVDA,2025-10-09,192.57
NVDA,2025-10-10,183.16
NVDA,2025-10-13,188.32
NVDA,2025-10-14,180.03
NVDA,2025-10-15,179.83
NVDA,2025-10-16,181.81
NVDA,2025-10-17,183.22
NVDA,2025-10-20,182.64
NVDA,2025-10-21,181.16
NVDA,2025-10-22,180.28
NVDA,2025-10-23,182.16
NVDA,2025-10-24,186.26
NVDA,2025-10-27,191.49
NVDA,2025-10-28,201.03
NVDA,2025-10-29,207.04
NVDA,2025-10-30,202.89
NVDA,2025-10-31,202.49
NVDA,2025-11-03,206.88
NVDA,2025-11-04,198.69
NVDA,2025-11-05,195.21
NVDA,2025-11-06,188.08
NVDA,2025-11-07,188.15
NVDA,2025-11-10,199.05
NVDA,2025-11-11,193.16
NVDA,2025-11-12,193.8
NVDA,2025-11-13,186.86
NVDA,2025-11-14,190.17
NVDA,2025-11-17,186.6
NVDA,2025-11-18,181.36
NVDA,2025-11-19,186.52
NVDA,2025-11-20,180.64
NVDA,2025-11-21,178.88
NVDA,2025-11-24,182.55
NVDA,2025-11-25,177.82
NVDA,2025-11-26,180.26
NVDA,2025-11-28,177
NVDA,2025-12-01,179.92
NVDA,2025-12-02,181.46
NVDA,2025-12-03,179.59
NVDA,2025-12-04,183.38
NVDA,2025-12-05,182.41
NVDA,2025-12-08,185.55
NVDA,2025-12-09,184.97
NVDA,2025-12-10,183.78
NVDA,2025-12-11,180.93
NVDA,2025-12-12,175.02
NVDA,2025-12-15,176.29
NVDA,2025-12-16,177.72
NVDA,2025-12-17,170.94
NVDA,2025-12-18,174.14
NVDA,2025-12-19,180.99
NVDA,2025-12-22,183.69
NVDA,2025-12-23,189.21
NVDA,2025-12-24,188.61
NVDA,2025-12-26,190.53
NVDA,2025-12-29,188.22
NVDA,2025-12-30,187.54
NVDA,2025-12-31,186.5
NVDA,2026-01-02,188.85
NVDA,2026-01-05,188.12
NVDA,2026-01-06,187.24
NVDA,2026-01-07,189.11
NVDA,2026-01-08,185.04
NVDA,2026-01-09,184.86
NVDA,2026-01-12,184.94
NVDA,2026-01-13,185.81
NVDA,2026-01-14,183.14
NVDA,2026-01-15,187.05
NVDA,2026-01-16,186.23
NVDA,2026-01-20,178.07
NVDA,2026-01-21,183.32
NVDA,2026-01-22,184.84
NVDA,2026-01-23,187.67
NVDA,2026-01-26,186.47
NVDA,2026-01-27,188.52
NVDA,2026-01-28,191.52
NVDA,2026-01-29,192.51
NVDA,2026-01-30,191.13
NVDA,2026-02-02,185.61
NVDA,2026-02-03,180.34
NVDA,2026-02-04,174.19
NVDA,2026-02-05,171.88
NVDA,2026-02-06,185.41
NVDA,2026-02-09,190.04
NVDA,2026-02-10,188.54
NVDA,2026-02-11,190.05
NVDA,2026-02-12,186.94
NVDA,2026-02-13,182.81
NVDA,2026-02-17,184.97
NVDA,2026-02-18,187.98
NVDA,2026-02-19,187.9
NVDA,2026-02-20,189.82
NVDA,2026-02-23,191.55
NVDA,2026-02-24,192.85
NVDA,2026-02-25,195.56
NVDA,2026-02-26,184.89
NVDA,2026-02-27,177.19
NVDA,2026-03-02,182.48
NVDA,2026-03-03,180.05
NVDA,2026-03-04,183.04
NVDA,2026-03-05,183.34
NVDA,2026-03-06,177.82
NVDA,2026-03-09,182.65
NVDA,2026-03-10,184.77
NVDA,2026-03-11,186.03
NVDA,2026-03-12,183.14
NVDA,2026-03-13,180.25
NVDA,2026-03-16,183.22
NVDA,2026-03-17,181.93
NVDA,2026-03-18,180.4
NVDA,2026-03-19,178.56
NVDA,2026-03-20,172.7
NVDA,2026-03-23,175.64
NVDA,2026-03-24,175.2
NVDA,2026-03-25,178.68
NVDA,2026-03-26,171.24
NVDA,2026-03-27,167.52
NVDA,2026-03-30,165.17
NVDA,2026-03-31,174.4
NVDA,2026-04-01,175.75
NVDA,2026-04-02,177.39
NVDA,2026-04-06,177.64
NVDA,2026-04-07,178.1
NVDA,2026-04-08,182.08
NVDA,2026-04-09,183.91
NVDA,2026-04-10,188.63
NVDA,2026-04-13,189.31
NVDA,2026-04-14,196.51
NVDA,2026-04-15,198.87
NVDA,2026-04-16,198.35
NVDA,2026-04-17,201.68
NVDA,2026-04-20,202.06
NVDA,2026-04-21,199.88
NVDA,2026-04-22,202.5
NVDA,2026-04-23,199.64
NVDA,2026-04-24,208.27
NVDA,2026-04-27,216.61
NVDA,2026-04-28,213.17
NVDA,2026-04-29,209.25
NVDA,2026-04-30,199.57
NVDA,2026-05-01,198.45
NVDA,2026-05-04,198.48
NVDA,2026-05-05,196.5
NVDA,2026-05-06,207.83
NVDA,2026-05-07,211.5
NVDA,2026-05-08,215.2
NVDA,2026-05-11,219.44
NVDA,2026-05-12,220.78
NVDA,2026-05-13,225.83
NVDA,2026-05-14,235.74
NVDA,2026-05-15,225.32
NVDA,2026-05-18,222.32
NVDA,2026-05-19,220.61
NVDA,2026-05-20,223.47
NVDA,2026-05-21,219.51
NVDA,2026-05-22,215.33
NVDA,2026-05-26,214.86
NVDA,2026-05-27,212.6
NVDA,2026-05-28,214.25
NVDA,2026-05-29,211.14
NVDA,2026-06-01,224.36
NVDA,2026-06-02,222.82
NVDA,2026-06-03,214.75
NVDA,2026-06-04,218.66
NVDA,2026-06-05,205.1
NVDA,2026-06-08,208.64
NVDA,2026-06-09,208.19
NVDA,2026-06-10,200.42
NVDA,2026-06-11,204.87
NVDA,2026-06-12,205.19
NVDA,2026-06-15,212.45
NVDA,2026-06-16,207.41
NVDA,2026-06-17,204.65
NVDA,2026-06-18,210.69
NVDA,2026-06-22,208.65
NVDA,2026-06-23,200.04
NVDA,2026-06-24,199
NVDA,2026-06-25,195.74
NVDA,2026-06-26,192.53
NVDA,2026-06-29,194.97
NVDA,2026-06-30,200.09
NVDA,2026-07-01,197.58
NVDA,2026-07-02,194.83
NVDA,2026-07-06,195.55
NVDA,2026-07-07,196.93
NVDA,2026-07-08,204.12
NVDA,2026-07-09,202.78
NVDA,2026-07-10,210.96
NVDA,2026-07-13,203.53
NVDA,2026-07-14,211.8
NVDA,2026-07-15,212.5
NVDA,2026-07-16,207.4
NVDA,2026-07-17,202.81
NVDA,2026-07-20,203.28
NVDA,2026-07-21,207.29
NVDA,2026-07-22,212.06
NVDA,2026-07-23,208.76
NVDA,2026-07-24,206.84
NVDA,2026-07-27,196.51
NVDA,2026-07-28,197.01
NVDA,2026-07-29,190.01
NVDA,2026-07-30,195.04
NVDA,2026-07-31,200.75
NVDA,2026-08-03,206.64
NVDA,2026-08-04,211.94
NVDA,2026-08-05,219.22
NVDA,2026-08-06,218.99
NVDA,2026-08-07,223.96
NVDA,2026-08-10,217.55
NVDA,2026-08-11,217.5
NVDA,2026-08-12,224.09
NVDA,2026-08-13,225.3
NVDA,2026-08-14,225.16
NVDA,2026-08-17,225.01
NVDA,2026-08-18,219.74
NVDA,2026-08-19,217.56
NVDA,2026-08-20,216.85
NVDA,2026-08-21,214.72
NVDA,2026-08-24,208.48
NVDA,2026-08-25,213.05
NVDA,2026-08-26,209.66
NVDA,2026-08-27,227.98
NVDA,2026-08-28,217.55
NVDA,2026-08-31,220.78
NVDA,2026-09-01,217.44
NVDA,2026-09-02,224.41
NVDA,2026-09-03,228.45
NVDA,2026-09-04,230.36
NVDA,2026-09-08,225.73
NVDA,2026-09-09,223.67
NVDA,2026-09-10,218.36
NVDA,2026-09-11,218.29
NVDA,2026-09-14,210.96
NVDA,2026-09-15,212.17
NVDA,2026-09-16,213.9
NVDA,2026-09-17,219.34
NVDA,2026-09-18,222.27
QQQ,2025-09-16,591.18
QQQ,2025-09-17,590
QQQ,2025-09-18,595.32
QQQ,2025-09-19,599.35
QQQ,2025-09-22,602.2
QQQ,2025-09-23,598.2
QQQ,2025-09-24,596.1
QQQ,2025-09-25,593.53
QQQ,2025-09-26,595.97
QQQ,2025-09-29,598.73
QQQ,2025-09-30,600.37
QQQ,2025-10-01,603.25
QQQ,2025-10-02,605.73
QQQ,2025-10-03,603.18
QQQ,2025-10-06,607.71
QQQ,2025-10-07,604.51
QQQ,2025-10-08,611.44
QQQ,2025-10-09,610.7
QQQ,2025-10-10,589.5
QQQ,2025-10-13,602.01
QQQ,2025-10-14,598
QQQ,2025-10-15,602.22
QQQ,2025-10-16,599.99
QQQ,2025-10-17,603.93
QQQ,2025-10-20,611.54
QQQ,2025-10-21,611.38
QQQ,2025-10-22,605.49
QQQ,2025-10-23,610.58
QQQ,2025-10-24,617.1
QQQ,2025-10-27,628.09
QQQ,2025-10-28,632.92
QQQ,2025-10-29,635.77
QQQ,2025-10-30,626.05
QQQ,2025-10-31,629.07
QQQ,2025-11-03,632.08
QQQ,2025-11-04,619.25
QQQ,2025-11-05,623.28
QQQ,2025-11-06,611.67
QQQ,2025-11-07,609.74
QQQ,2025-11-10,623.23
QQQ,2025-11-11,621.57
QQQ,2025-11-12,621.08
QQQ,2025-11-13,608.4
QQQ,2025-11-14,608.86
QQQ,2025-11-17,603.66
QQQ,2025-11-18,596.31
QQQ,2025-11-19,599.87
QQQ,2025-11-20,585.67
QQQ,2025-11-21,590.07
QQQ,2025-11-24,605.16
QQQ,2025-11-25,608.89
QQQ,2025-11-26,614.27
QQQ,2025-11-28,619.25
QQQ,2025-12-01,617.17
QQQ,2025-12-02,622
QQQ,2025-12-03,623.52
QQQ,2025-12-04,622.94
QQQ,2025-12-05,625.48
QQQ,2025-12-08,624.28
QQQ,2025-12-09,625.05
QQQ,2025-12-10,627.61
QQQ,2025-12-11,625.58
QQQ,2025-12-12,613.62
QQQ,2025-12-15,610.54
QQQ,2025-12-16,611.75
QQQ,2025-12-17,600.41
QQQ,2025-12-18,609.11
QQQ,2025-12-19,617.05
QQQ,2025-12-22,619.21
QQQ,2025-12-23,622.11
QQQ,2025-12-24,623.93
QQQ,2025-12-26,623.89
QQQ,2025-12-29,620.87
QQQ,2025-12-30,619.43
QQQ,2025-12-31,614.31
QQQ,2026-01-02,613.12
QQQ,2026-01-05,617.99
QQQ,2026-01-06,623.42
QQQ,2026-01-07,624.02
QQQ,2026-01-08,620.47
QQQ,2026-01-09,626.65
QQQ,2026-01-12,627.17
QQQ,2026-01-13,626.24
QQQ,2026-01-14,619.55
QQQ,2026-01-15,621.78
QQQ,2026-01-16,621.26
QQQ,2026-01-20,608.06
QQQ,2026-01-21,616.28
QQQ,2026-01-22,620.76
QQQ,2026-01-23,622.72
QQQ,2026-01-26,625.46
QQQ,2026-01-27,631.13
QQQ,2026-01-28,633.22
QQQ,2026-01-29,629.43
QQQ,2026-01-30,621.87
QQQ,2026-02-02,626.14
QQQ,2026-02-03,616.52
QQQ,2026-02-04,605.75
QQQ,2026-02-05,597.03
QQQ,2026-02-06,609.65
QQQ,2026-02-09,614.32
QQQ,2026-02-10,611.47
QQQ,2026-02-11,613.11
QQQ,2026-02-12,600.64
QQQ,2026-02-13,601.92
QQQ,2026-02-17,601.3
QQQ,2026-02-18,605.79
QQQ,2026-02-19,603.47
QQQ,2026-02-20,608.81
QQQ,2026-02-23,601.41
QQQ,2026-02-24,607.87
QQQ,2026-02-25,616.68
QQQ,2026-02-26,609.24
QQQ,2026-02-27,607.29
QQQ,2026-03-02,608.09
QQQ,2026-03-03,601.58
QQQ,2026-03-04,610.75
QQQ,2026-03-05,608.91
QQQ,2026-03-06,599.75
QQQ,2026-03-09,607.76
QQQ,2026-03-10,607.77
QQQ,2026-03-11,607.69
QQQ,2026-03-12,597.26
QQQ,2026-03-13,593.72
QQQ,2026-03-16,600.38
QQQ,2026-03-17,603.31
QQQ,2026-03-18,594.9
QQQ,2026-03-19,593.02
QQQ,2026-03-20,582.06
QQQ,2026-03-23,588
QQQ,2026-03-24,583.98
QQQ,2026-03-25,587.82
QQQ,2026-03-26,573.79
QQQ,2026-03-27,562.58
QQQ,2026-03-30,558.28
QQQ,2026-03-31,577.18
QQQ,2026-04-01,584.31
QQQ,2026-04-02,584.98
QQQ,2026-04-06,588.5
QQQ,2026-04-07,588.59
QQQ,2026-04-08,606.09
QQQ,2026-04-09,610.19
QQQ,2026-04-10,611.07
QQQ,2026-04-13,617.39
QQQ,2026-04-14,628.6
QQQ,2026-04-15,637.4
QQQ,2026-04-16,640.47
QQQ,2026-04-17,648.85
QQQ,2026-04-20,646.79
QQQ,2026-04-21,644.33
QQQ,2026-04-22,655.11
QQQ,2026-04-23,651.42
QQQ,2026-04-24,663.88
QQQ,2026-04-27,664.23
QQQ,2026-04-28,657.55
QQQ,2026-04-29,661.57
QQQ,2026-04-30,667.74
QQQ,2026-05-01,674.15
QQQ,2026-05-04,672.88
QQQ,2026-05-05,681.61
QQQ,2026-05-06,695.77
QQQ,2026-05-07,694.94
QQQ,2026-05-08,711.23
QQQ,2026-05-11,713.29
QQQ,2026-05-12,707.24
QQQ,2026-05-13,714.71
QQQ,2026-05-14,719.79
QQQ,2026-05-15,708.93
QQQ,2026-05-18,705.88
QQQ,2026-05-19,701.53
QQQ,2026-05-20,713.15
QQQ,2026-05-21,714.51
QQQ,2026-05-22,717.54
QQQ,2026-05-26,730.28
QQQ,2026-05-27,729.45
QQQ,2026-05-28,735.6
QQQ,2026-05-29,738.31
QQQ,2026-06-01,742.74
QQQ,2026-06-02,746.16
QQQ,2026-06-03,744.21
QQQ,2026-06-04,740.61
QQQ,2026-06-05,705.06
QQQ,2026-06-08,716.07
QQQ,2026-06-09,707.83
QQQ,2026-06-10,693.69
QQQ,2026-06-11,717.12
QQQ,2026-06-12,721.34
QQQ,2026-06-15,744
QQQ,2026-06-16,729.86
QQQ,2026-06-17,722.51
QQQ,2026-06-18,740.62
QQQ,2026-06-22,737.95
QQQ,2026-06-23,713.65
QQQ,2026-06-24,710.62
QQQ,2026-06-25,716.38
QQQ,2026-06-26,706.52
QQQ,2026-06-29,724.08
QQQ,2026-06-30,736.4
QQQ,2026-07-01,725.17
QQQ,2026-07-02,712.6
QQQ,2026-07-06,722.82
QQQ,2026-07-07,709.43
QQQ,2026-07-08,711.44
QQQ,2026-07-09,723.28
QQQ,2026-07-10,725.51
QQQ,2026-07-13,711.74
QQQ,2026-07-14,719.69
QQQ,2026-07-15,717.74
QQQ,2026-07-16,705.94
QQQ,2026-07-17,695.33
QQQ,2026-07-20,696.06
QQQ,2026-07-21,708.97
QQQ,2026-07-22,705.35
QQQ,2026-07-23,691.96
QQQ,2026-07-24,684.23
QQQ,2026-07-27,682.12
QQQ,2026-07-28,675.49
QQQ,2026-07-29,661.73
QQQ,2026-07-30,683.55
QQQ,2026-07-31,687.99
QQQ,2026-08-03,700.07
QQQ,2026-08-04,723.85
QQQ,2026-08-05,717.3
QQQ,2026-08-06,714.65
QQQ,2026-08-07,723.03
QQQ,2026-08-10,720.87
QQQ,2026-08-11,718.45
QQQ,2026-08-12,723.7
QQQ,2026-08-13,732.07
QQQ,2026-08-14,731.07
QQQ,2026-08-17,729.87
QQQ,2026-08-18,717.51
QQQ,2026-08-19,716.08
QQQ,2026-08-20,710.93
QQQ,2026-08-21,713.44
QQQ,2026-08-24,706.32
QQQ,2026-08-25,710.72
QQQ,2026-08-26,711.37
QQQ,2026-08-27,721.11
QQQ,2026-08-28,716.43
QQQ,2026-08-31,716.76
QQQ,2026-09-01,707.64
QQQ,2026-09-02,709.24
QQQ,2026-09-03,717.67
QQQ,2026-09-04,718.96
QQQ,2026-09-08,718.36
QQQ,2026-09-09,716.31
QQQ,2026-09-10,708.69
QQQ,2026-09-11,714.88
QQQ,2026-09-14,709.18
QQQ,2026-09-15,704.54
QQQ,2026-09-16,704.72
QQQ,2026-09-17,716.92
QQQ,2026-09-18,721.45
SPY,2025-09-16,660
SPY,2025-09-17,659.18
SPY,2025-09-18,662.26
SPY,2025-09-19,663.7
SPY,2025-09-22,666.84
SPY,2025-09-23,663.21
SPY,2025-09-24,661.1
SPY,2025-09-25,658.05
SPY,2025-09-26,661.82
SPY,2025-09-29,663.68
SPY,2025-09-30,666.18
SPY,2025-10-01,668.45
SPY,2025-10-02,669.22
SPY,2025-10-03,669.21
SPY,2025-10-06,671.61
SPY,2025-10-07,669.12
SPY,2025-10-08,673.11
SPY,2025-10-09,671.16
SPY,2025-10-10,653.02
SPY,2025-10-13,663.04
SPY,2025-10-14,662.23
SPY,2025-10-15,665.17
SPY,2025-10-16,660.64
SPY,2025-10-17,664.39
SPY,2025-10-20,671.3
SPY,2025-10-21,671.29
SPY,2025-10-22,667.8
SPY,2025-10-23,671.76
SPY,2025-10-24,677.25
SPY,2025-10-27,685.24
SPY,2025-10-28,687.06
SPY,2025-10-29,687.39
SPY,2025-10-30,679.83
SPY,2025-10-31,682.06
SPY,2025-11-03,683.34
SPY,2025-11-04,675.24
SPY,2025-11-05,677.58
SPY,2025-11-06,670.31
SPY,2025-11-07,670.97
SPY,2025-11-10,681.44
SPY,2025-11-11,683
SPY,2025-11-12,683.38
SPY,2025-11-13,672.04
SPY,2025-11-14,671.93
SPY,2025-11-17,665.67
SPY,2025-11-18,660.08
SPY,2025-11-19,662.63
SPY,2025-11-20,652.53
SPY,2025-11-21,659.03
SPY,2025-11-24,668.73
SPY,2025-11-25,675.02
SPY,2025-11-26,679.68
SPY,2025-11-28,683.39
SPY,2025-12-01,680.27
SPY,2025-12-02,681.53
SPY,2025-12-03,683.89
SPY,2025-12-04,684.39
SPY,2025-12-05,685.69
SPY,2025-12-08,683.63
SPY,2025-12-09,683.04
SPY,2025-12-10,687.57
SPY,2025-12-11,689.17
SPY,2025-12-12,681.76
SPY,2025-12-15,680.73
SPY,2025-12-16,678.87
SPY,2025-12-17,671.4
SPY,2025-12-18,676.47
SPY,2025-12-19,680.59
SPY,2025-12-22,684.83
SPY,2025-12-23,687.96
SPY,2025-12-24,690.38
SPY,2025-12-26,690.31
SPY,2025-12-29,687.85
SPY,2025-12-30,687.01
SPY,2025-12-31,681.92
SPY,2026-01-02,683.17
SPY,2026-01-05,687.72
SPY,2026-01-06,691.81
SPY,2026-01-07,689.58
SPY,2026-01-08,689.51
SPY,2026-01-09,694.07
SPY,2026-01-12,695.16
SPY,2026-01-13,693.77
SPY,2026-01-14,690.36
SPY,2026-01-15,692.24
SPY,2026-01-16,691.66
SPY,2026-01-20,677.58
SPY,2026-01-21,685.4
SPY,2026-01-22,688.98
SPY,2026-01-23,689.23
SPY,2026-01-26,692.73
SPY,2026-01-27,695.49
SPY,2026-01-28,695.42
SPY,2026-01-29,694.04
SPY,2026-01-30,691.97
SPY,2026-02-02,695.41
SPY,2026-02-03,689.53
SPY,2026-02-04,686.19
SPY,2026-02-05,677.62
SPY,2026-02-06,690.62
SPY,2026-02-09,693.95
SPY,2026-02-10,692.12
SPY,2026-02-11,691.96
SPY,2026-02-12,681.27
SPY,2026-02-13,681.75
SPY,2026-02-17,682.85
SPY,2026-02-18,686.29
SPY,2026-02-19,684.48
SPY,2026-02-20,689.43
SPY,2026-02-23,682.39
SPY,2026-02-24,687.35
SPY,2026-02-25,693.15
SPY,2026-02-26,689.3
SPY,2026-02-27,685.99
SPY,2026-03-02,686.38
SPY,2026-03-03,680.33
SPY,2026-03-04,685.13
SPY,2026-03-05,681.31
SPY,2026-03-06,672.38
SPY,2026-03-09,678.27
SPY,2026-03-10,677.18
SPY,2026-03-11,676.33
SPY,2026-03-12,666.06
SPY,2026-03-13,662.29
SPY,2026-03-16,669.03
SPY,2026-03-17,670.79
SPY,2026-03-18,661.43
SPY,2026-03-19,659.8
SPY,2026-03-20,648.57
SPY,2026-03-23,655.38
SPY,2026-03-24,653.18
SPY,2026-03-25,656.82
SPY,2026-03-26,645.09
SPY,2026-03-27,634.09
SPY,2026-03-30,631.97
SPY,2026-03-31,650.34
SPY,2026-04-01,655.24
SPY,2026-04-02,655.83
SPY,2026-04-06,658.93
SPY,2026-04-07,659.22
SPY,2026-04-08,676.01
SPY,2026-04-09,679.91
SPY,2026-04-10,679.46
SPY,2026-04-13,686.1
SPY,2026-04-14,694.46
SPY,2026-04-15,699.94
SPY,2026-04-16,701.66
SPY,2026-04-17,710.14
SPY,2026-04-20,708.72
SPY,2026-04-21,704.08
SPY,2026-04-22,711.21
SPY,2026-04-23,708.45
SPY,2026-04-24,713.94
SPY,2026-04-27,715.17
SPY,2026-04-28,711.69
SPY,2026-04-29,711.58
SPY,2026-04-30,718.66
SPY,2026-05-01,720.65
SPY,2026-05-04,718.01
SPY,2026-05-05,723.77
SPY,2026-05-06,733.83
SPY,2026-05-07,731.58
SPY,2026-05-08,737.62
SPY,2026-05-11,739.3
SPY,2026-05-12,738.18
SPY,2026-05-13,742.31
SPY,2026-05-14,748.17
SPY,2026-05-15,739.17
SPY,2026-05-18,738.65
SPY,2026-05-19,733.73
SPY,2026-05-20,741.25
SPY,2026-05-21,742.72
SPY,2026-05-22,745.64
SPY,2026-05-26,750.59
SPY,2026-05-27,750.46
SPY,2026-05-28,754.6
SPY,2026-05-29,756.48
SPY,2026-06-01,758.54
SPY,2026-06-02,759.57
SPY,2026-06-03,754.24
SPY,2026-06-04,757.09
SPY,2026-06-05,737.55
SPY,2026-06-08,739.22
SPY,2026-06-09,737.05
SPY,2026-06-10,725.43
SPY,2026-06-11,737.76
SPY,2026-06-12,741.75
SPY,2026-06-15,754.83
SPY,2026-06-16,750.33
SPY,2026-06-17,740.96
SPY,2026-06-18,746.74
SPY,2026-06-22,744.39
SPY,2026-06-23,733.58
SPY,2026-06-24,733.24
SPY,2026-06-25,734.3
SPY,2026-06-26,728.99
SPY,2026-06-29,741
SPY,2026-06-30,746.77
SPY,2026-07-01,745.76
SPY,2026-07-02,744.78
SPY,2026-07-06,751.28
SPY,2026-07-07,747.71
SPY,2026-07-08,745.4
SPY,2026-07-09,751.71
SPY,2026-07-10,754.95
SPY,2026-07-13,749.17
SPY,2026-07-14,751.83
SPY,2026-07-15,754.81
SPY,2026-07-16,750.72
SPY,2026-07-17,743.29
SPY,2026-07-20,742.09
SPY,2026-07-21,748.28
SPY,2026-07-22,747.41
SPY,2026-07-23,738.18
SPY,2026-07-24,738.93
SPY,2026-07-27,739.09
SPY,2026-07-28,740.86
SPY,2026-07-29,729.46
SPY,2026-07-30,741.69
SPY,2026-07-31,747.03
SPY,2026-08-03,757.67
SPY,2026-08-04,771.33
SPY,2026-08-05,769.79
SPY,2026-08-06,768.56
SPY,2026-08-07,773.26
SPY,2026-08-10,773.03
SPY,2026-08-11,770.56
SPY,2026-08-12,772.49
SPY,2026-08-13,777.88
SPY,2026-08-14,776.34
SPY,2026-08-17,772.67
SPY,2026-08-18,767.45
SPY,2026-08-19,769.06
SPY,2026-08-20,762.6
SPY,2026-08-21,765.72
SPY,2026-08-24,763.47
SPY,2026-08-25,765.91
SPY,2026-08-26,766.08
SPY,2026-08-27,771.1
SPY,2026-08-28,769.35
SPY,2026-08-31,767.05
SPY,2026-09-01,761.78
SPY,2026-09-02,765.16
SPY,2026-09-03,773.17
SPY,2026-09-04,770.19
SPY,2026-09-08,765.96
SPY,2026-09-09,762.4
SPY,2026-09-10,757.83
SPY,2026-09-11,764.29
SPY,2026-09-14,760.88
SPY,2026-09-15,757.39
SPY,2026-09-16,754.05
SPY,2026-09-17,762.6
SPY,2026-09-18,761.69
TSLA,2025-09-16,421.62
TSLA,2025-09-17,425.86
TSLA,2025-09-18,416.85
TSLA,2025-09-19,426.07
TSLA,2025-09-22,434.21
TSLA,2025-09-23,425.85
TSLA,2025-09-24,442.79
TSLA,2025-09-25,423.39
TSLA,2025-09-26,440.4
TSLA,2025-09-29,443.21
TSLA,2025-09-30,444.72
TSLA,2025-10-01,459.46
TSLA,2025-10-02,436
TSLA,2025-10-03,429.83
TSLA,2025-10-06,453.25
TSLA,2025-10-07,433.09
TSLA,2025-10-08,438.69
TSLA,2025-10-09,435.54
TSLA,2025-10-10,413.49
TSLA,2025-10-13,435.9
TSLA,2025-10-14,429.24
TSLA,2025-10-15,435.15
TSLA,2025-10-16,428.75
TSLA,2025-10-17,439.31
TSLA,2025-10-20,447.43
TSLA,2025-10-21,442.6
TSLA,2025-10-22,438.97
TSLA,2025-10-23,448.98
TSLA,2025-10-24,433.72
TSLA,2025-10-27,452.42
TSLA,2025-10-28,460.55
TSLA,2025-10-29,461.51
TSLA,2025-10-30,440.1
TSLA,2025-10-31,456.56
TSLA,2025-11-03,468.37
TSLA,2025-11-04,444.26
TSLA,2025-11-05,462.07
TSLA,2025-11-06,445.91
TSLA,2025-11-07,429.52
TSLA,2025-11-10,445.23
TSLA,2025-11-11,439.62
TSLA,2025-11-12,430.6
TSLA,2025-11-13,401.99
TSLA,2025-11-14,404.35
TSLA,2025-11-17,408.92
TSLA,2025-11-18,401.25
TSLA,2025-11-19,403.99
TSLA,2025-11-20,395.23
TSLA,2025-11-21,391.09
TSLA,2025-11-24,417.78
TSLA,2025-11-25,419.4
TSLA,2025-11-26,426.58
TSLA,2025-11-28,430.17
TSLA,2025-12-01,430.14
TSLA,2025-12-02,429.24
TSLA,2025-12-03,446.74
TSLA,2025-12-04,454.53
TSLA,2025-12-05,455
TSLA,2025-12-08,439.58
TSLA,2025-12-09,445.17
TSLA,2025-12-10,451.45
TSLA,2025-12-11,446.89
TSLA,2025-12-12,458.96
TSLA,2025-12-15,475.31
TSLA,2025-12-16,489.88
TSLA,2025-12-17,467.26
TSLA,2025-12-18,483.37
TSLA,2025-12-19,481.2
TSLA,2025-12-22,488.73
TSLA,2025-12-23,485.56
TSLA,2025-12-24,485.4
TSLA,2025-12-26,475.19
TSLA,2025-12-29,459.64
TSLA,2025-12-30,454.43
TSLA,2025-12-31,449.72
TSLA,2026-01-02,438.07
TSLA,2026-01-05,451.67
TSLA,2026-01-06,432.96
TSLA,2026-01-07,431.41
TSLA,2026-01-08,435.8
TSLA,2026-01-09,445.01
TSLA,2026-01-12,448.96
TSLA,2026-01-13,447.2
TSLA,2026-01-14,439.2
TSLA,2026-01-15,438.57
TSLA,2026-01-16,437.5
TSLA,2026-01-20,419.25
TSLA,2026-01-21,431.44
TSLA,2026-01-22,449.36
TSLA,2026-01-23,449.06
TSLA,2026-01-26,435.2
TSLA,2026-01-27,430.9
TSLA,2026-01-28,431.46
TSLA,2026-01-29,416.56
TSLA,2026-01-30,430.41
TSLA,2026-02-02,421.81
TSLA,2026-02-03,421.96
TSLA,2026-02-04,406.01
TSLA,2026-02-05,397.21
TSLA,2026-02-06,411.11
TSLA,2026-02-09,417.32
TSLA,2026-02-10,425.21
TSLA,2026-02-11,428.27
TSLA,2026-02-12,417.07
TSLA,2026-02-13,417.44
TSLA,2026-02-17,410.63
TSLA,2026-02-18,411.32
TSLA,2026-02-19,411.71
TSLA,2026-02-20,411.82
TSLA,2026-02-23,399.83
TSLA,2026-02-24,409.38
TSLA,2026-02-25,417.4
TSLA,2026-02-26,408.58
TSLA,2026-02-27,402.51
TSLA,2026-03-02,403.32
TSLA,2026-03-03,392.43
TSLA,2026-03-04,405.94
TSLA,2026-03-05,405.55
TSLA,2026-03-06,396.73
TSLA,2026-03-09,398.68
TSLA,2026-03-10,399.235
TSLA,2026-03-11,407.82
TSLA,2026-03-12,395.01
TSLA,2026-03-13,391.2
TSLA,2026-03-16,395.56
TSLA,2026-03-17,399.27
TSLA,2026-03-18,392.78
TSLA,2026-03-19,380.3
TSLA,2026-03-20,367.96
TSLA,2026-03-23,380.85
TSLA,2026-03-24,383.03
TSLA,2026-03-25,385.95
TSLA,2026-03-26,372.11
TSLA,2026-03-27,361.83
TSLA,2026-03-30,355.28
TSLA,2026-03-31,371.75
TSLA,2026-04-01,381.26
TSLA,2026-04-02,360.59
TSLA,2026-04-06,352.82
TSLA,2026-04-07,346.65
TSLA,2026-04-08,343.25
TSLA,2026-04-09,345.62
TSLA,2026-04-10,348.95
TSLA,2026-04-13,352.42
TSLA,2026-04-14,364.2
TSLA,2026-04-15,391.95
TSLA,2026-04-16,388.9
TSLA,2026-04-17,400.62
TSLA,2026-04-20,392.5
TSLA,2026-04-21,386.42
TSLA,2026-04-22,387.51
TSLA,2026-04-23,373.72
TSLA,2026-04-24,376.3
TSLA,2026-04-27,378.67
TSLA,2026-04-28,376.02
TSLA,2026-04-29,372.8
TSLA,2026-04-30,381.63
TSLA,2026-05-01,390.82
TSLA,2026-05-04,392.51
TSLA,2026-05-05,389.37
TSLA,2026-05-06,398.73
TSLA,2026-05-07,411.79
TSLA,2026-05-08,428.35
TSLA,2026-05-11,445
TSLA,2026-05-12,433.45
TSLA,2026-05-13,445.27
TSLA,2026-05-14,443.3
TSLA,2026-05-15,422.24
TSLA,2026-05-18,409.99
TSLA,2026-05-19,404.11
TSLA,2026-05-20,417.26
TSLA,2026-05-21,417.85
TSLA,2026-05-22,426.01
TSLA,2026-05-26,433.59
TSLA,2026-05-27,440.36
TSLA,2026-05-28,442.1
TSLA,2026-05-29,435.79
TSLA,2026-06-01,415.88
TSLA,2026-06-02,423.74
TSLA,2026-06-03,423.7
TSLA,2026-06-04,418.45
TSLA,2026-06-05,391
TSLA,2026-06-08,408.95
TSLA,2026-06-09,396.68
TSLA,2026-06-10,381.59
TSLA,2026-06-11,399.15
TSLA,2026-06-12,406.43
TSLA,2026-06-15,411.15
TSLA,2026-06-16,404.66
TSLA,2026-06-17,396.38
TSLA,2026-06-18,400.49
TSLA,2026-06-22,405.05
TSLA,2026-06-23,381.61
TSLA,2026-06-24,375.53
TSLA,2026-06-25,375.12
TSLA,2026-06-26,379.71
TSLA,2026-06-29,411.84
TSLA,2026-06-30,420.6
TSLA,2026-07-01,425.3
TSLA,2026-07-02,393.45
TSLA,2026-07-06,419.77
TSLA,2026-07-07,402.9
TSLA,2026-07-08,394.06
TSLA,2026-07-09,406.55
TSLA,2026-07-10,407.76
TSLA,2026-07-13,394.76
TSLA,2026-07-14,396.18
TSLA,2026-07-15,394.46
TSLA,2026-07-16,391.06
TSLA,2026-07-17,380.84
TSLA,2026-07-20,369.57
TSLA,2026-07-21,378.93
TSLA,2026-07-22,374.01
TSLA,2026-07-23,319.69
TSLA,2026-07-24,313.03
TSLA,2026-07-27,309.22
TSLA,2026-07-28,307.44
TSLA,2026-07-29,298.32
TSLA,2026-07-30,308.85
TSLA,2026-07-31,311.21
TSLA,2026-08-03,322.08
TSLA,2026-08-04,327.35
TSLA,2026-08-05,321.55
TSLA,2026-08-06,319.53
TSLA,2026-08-07,328.58
TSLA,2026-08-10,330.88
TSLA,2026-08-11,332.81
TSLA,2026-08-12,327.51
TSLA,2026-08-13,339.96
TSLA,2026-08-14,342.27
TSLA,2026-08-17,339.3
TSLA,2026-08-18,336.87
TSLA,2026-08-19,351.12
TSLA,2026-08-20,345.13
TSLA,2026-08-21,362.86
TSLA,2026-08-24,348.95
TSLA,2026-08-25,350.25
TSLA,2026-08-26,345.82
TSLA,2026-08-27,354.81
TSLA,2026-08-28,348.75
TSLA,2026-08-31,367.95
TSLA,2026-09-01,356.09
TSLA,2026-09-02,357.01
TSLA,2026-09-03,376.365
TSLA,2026-09-04,354.08
TSLA,2026-09-08,368.16
TSLA,2026-09-09,367.81
TSLA,2026-09-10,363.56
TSLA,2026-09-11,365.44
TSLA,2026-09-14,358.97
TSLA,2026-09-15,356.58
TSLA,2026-09-16,358.08
TSLA,2026-09-17,366.2
TSLA,2026-09-18,364.27
